variant,vep_gene,gene_id,transcript_id,consequence,impact,distance,most_severe_consequence
rs112131072,ABCA7,ENSG00000064687,ENST00000263094,downstream_gene_variant,MODIFIER,1055.0,splice_donor_variant
rs112131072,ARHGAP45,ENSG00000180448,ENST00000313093,upstream_gene_variant,MODIFIER,526.0,splice_donor_variant
rs112131072,ABCA7,ENSG00000064687,ENST00000433129,downstream_gene_variant,MODIFIER,1060.0,splice_donor_variant
rs112131072,ABCA7,ENSG00000064687,ENST00000435683,downstream_gene_variant,MODIFIER,1136.0,splice_donor_variant
rs112131072,ABCA7,ENSG00000064687,ENST00000524383,downstream_gene_variant,MODIFIER,1299.0,splice_donor_variant
rs112131072,ABCA7,ENSG00000064687,ENST00000525073,downstream_gene_variant,MODIFIER,1058.0,splice_donor_variant
rs112131072,ABCA7,ENSG00000064687,ENST00000531478,downstream_gene_variant,MODIFIER,1055.0,splice_donor_variant
rs112131072,ARHGAP45,ENSG00000180448,ENST00000539243,intron_variant,MODIFIER,,splice_donor_variant
rs112131072,ARHGAP45,ENSG00000180448,ENST00000543365,upstream_gene_variant,MODIFIER,4580.0,splice_donor_variant
rs112131072,ARHGAP45,ENSG00000180448,ENST00000586866,upstream_gene_variant,MODIFIER,857.0,splice_donor_variant
rs112131072,ARHGAP45,ENSG00000180448,ENST00000587186,"frameshift_variant,splice_region_variant",HIGH,,splice_donor_variant
rs112131072,ARHGAP45,ENSG00000180448,ENST00000587186,"splice_donor_variant,frameshift_variant,splice_donor_5th_base_variant,intron_variant",HIGH,,splice_donor_variant
rs112131072,ARHGAP45,ENSG00000180448,ENST00000587602,upstream_gene_variant,MODIFIER,676.0,splice_donor_variant
rs112131072,ARHGAP45,ENSG00000180448,ENST00000590214,upstream_gene_variant,MODIFIER,686.0,splice_donor_variant
rs112131072,ARHGAP45,ENSG00000180448,ENST00000591293,upstream_gene_variant,MODIFIER,678.0,splice_donor_variant
rs112131072,ARHGAP45,ENSG00000180448,ENST00000592335,upstream_gene_variant,MODIFIER,4872.0,splice_donor_variant
rs112131072,ABCA7,ENSG00000064687,ENST00000612569,downstream_gene_variant,MODIFIER,1169.0,splice_donor_variant
rs112131072,ABCA7,ENSG00000064687,ENST00000673773,downstream_gene_variant,MODIFIER,1076.0,splice_donor_variant
rs112131072,ARHGAP45,ENSG00000180448,ENST00000885658,upstream_gene_variant,MODIFIER,350.0,splice_donor_variant
rs112131072,ARHGAP45,ENSG00000180448,ENST00000885659,upstream_gene_variant,MODIFIER,376.0,splice_donor_variant
rs112131072,ARHGAP45,ENSG00000180448,ENST00000885660,upstream_gene_variant,MODIFIER,541.0,splice_donor_variant
rs112131072,ARHGAP45,ENSG00000180448,ENST00000885661,upstream_gene_variant,MODIFIER,664.0,splice_donor_variant
rs112131072,ARHGAP45,ENSG00000180448,ENST00000885662,upstream_gene_variant,MODIFIER,682.0,splice_donor_variant
rs112131072,ARHGAP45,ENSG00000180448,ENST00000964187,upstream_gene_variant,MODIFIER,664.0,splice_donor_variant
rs112131072,ARHGAP45,ENSG00000180448,ENST00001009907,upstream_gene_variant,MODIFIER,543.0,splice_donor_variant
rs112131072,ARHGAP45,ENSG00000180448,ENST00001140012,upstream_gene_variant,MODIFIER,526.0,splice_donor_variant
rs58840546,TNFSF12,ENSG00000239697,ENST00000293825,downstream_gene_variant,MODIFIER,2449.0,3_prime_UTR_variant
rs58840546,SENP3,ENSG00000161956,ENST00000321337,upstream_gene_variant,MODIFIER,1587.0,3_prime_UTR_variant
rs58840546,TNFSF12,ENSG00000239697,ENST00000322272,downstream_gene_variant,MODIFIER,2440.0,3_prime_UTR_variant
rs58840546,TNFSF13,ENSG00000161955,ENST00000338784,intron_variant,MODIFIER,,3_prime_UTR_variant
rs58840546,TNFSF13,ENSG00000161955,ENST00000349228,intron_variant,MODIFIER,,3_prime_UTR_variant
rs58840546,TNFSF13,ENSG00000161955,ENST00000380535,intron_variant,MODIFIER,,3_prime_UTR_variant
rs58840546,TNFSF13,ENSG00000161955,ENST00000396542,intron_variant,MODIFIER,,3_prime_UTR_variant
rs58840546,TNFSF13,ENSG00000161955,ENST00000396545,intron_variant,MODIFIER,,3_prime_UTR_variant
rs58840546,TNFSF13,ENSG00000161955,ENST00000436057,intron_variant,MODIFIER,,3_prime_UTR_variant
rs58840546,TNFSF13,ENSG00000161955,ENST00000438470,intron_variant,MODIFIER,,3_prime_UTR_variant
rs58840546,TNFSF12,ENSG00000239697,ENST00000462619,downstream_gene_variant,MODIFIER,2440.0,3_prime_UTR_variant
rs58840546,TNFSF12,ENSG00000239697,ENST00000462811,downstream_gene_variant,MODIFIER,2440.0,3_prime_UTR_variant
rs58840546,TNFSF13,ENSG00000161955,ENST00000483039,intron_variant,MODIFIER,,3_prime_UTR_variant
rs58840546,SENP3,ENSG00000161956,ENST00000580231,upstream_gene_variant,MODIFIER,4511.0,3_prime_UTR_variant
rs58840546,SENP3,ENSG00000161956,ENST00000580997,upstream_gene_variant,MODIFIER,4449.0,3_prime_UTR_variant
rs58840546,SENP3,ENSG00000161956,ENST00000583277,upstream_gene_variant,MODIFIER,4030.0,3_prime_UTR_variant
rs58840546,,ENSG00000276384,ENST00000610459,upstream_gene_variant,MODIFIER,450.0,3_prime_UTR_variant
rs58840546,TNFSF13,ENSG00000161955,ENST00000625791,intron_variant,MODIFIER,,3_prime_UTR_variant
rs58840546,TNFSF12,ENSG00000239697,ENST00000700014,downstream_gene_variant,MODIFIER,3075.0,3_prime_UTR_variant
rs58840546,TNFSF12,ENSG00000239697,ENST00000700015,downstream_gene_variant,MODIFIER,2441.0,3_prime_UTR_variant
rs58840546,TNFSF12,ENSG00000239697,ENST00000700047,downstream_gene_variant,MODIFIER,2440.0,3_prime_UTR_variant
rs58840546,TNFSF12,ENSG00000239697,ENST00000700048,downstream_gene_variant,MODIFIER,2440.0,3_prime_UTR_variant
rs58840546,TNFSF12,ENSG00000239697,ENST00000700049,downstream_gene_variant,MODIFIER,2440.0,3_prime_UTR_variant
rs58840546,TNFSF12,ENSG00000239697,ENST00000700050,downstream_gene_variant,MODIFIER,2446.0,3_prime_UTR_variant
rs58840546,TNFSF12,ENSG00000239697,ENST00000700052,downstream_gene_variant,MODIFIER,2441.0,3_prime_UTR_variant
rs58840546,TNFSF12,ENSG00000239697,ENST00000700053,downstream_gene_variant,MODIFIER,2441.0,3_prime_UTR_variant
rs58840546,TNFSF12,ENSG00000239697,ENST00000700054,downstream_gene_variant,MODIFIER,2440.0,3_prime_UTR_variant
rs58840546,TNFSF12,ENSG00000239697,ENST00000700056,downstream_gene_variant,MODIFIER,2644.0,3_prime_UTR_variant
rs58840546,TNFSF12,ENSG00000239697,ENST00000700057,downstream_gene_variant,MODIFIER,3119.0,3_prime_UTR_variant
rs58840546,TNFSF12,ENSG00000239697,ENST00000700058,downstream_gene_variant,MODIFIER,2440.0,3_prime_UTR_variant
rs58840546,TNFSF12,ENSG00000239697,ENST00000700059,downstream_gene_variant,MODIFIER,2775.0,3_prime_UTR_variant
rs58840546,SENP3,ENSG00000161956,ENST00000937871,upstream_gene_variant,MODIFIER,1606.0,3_prime_UTR_variant
rs58840546,SENP3,ENSG00000161956,ENST00000937872,upstream_gene_variant,MODIFIER,1535.0,3_prime_UTR_variant
rs58840546,TNFSF12,ENSG00000239697,ENST00000946751,downstream_gene_variant,MODIFIER,2441.0,3_prime_UTR_variant
rs58840546,TNFSF12,ENSG00000239697,ENST00000988323,downstream_gene_variant,MODIFIER,2442.0,3_prime_UTR_variant
rs58840546,TNFSF12,ENSG00000239697,ENST00000988324,downstream_gene_variant,MODIFIER,2443.0,3_prime_UTR_variant
rs58840546,TNFSF13,ENSG00000161955,ENST00000994516,"intron_variant,NMD_transcript_variant",MODIFIER,,3_prime_UTR_variant
rs58840546,TNFSF13,ENSG00000161955,ENST00000994517,"intron_variant,NMD_transcript_variant",MODIFIER,,3_prime_UTR_variant
rs58840546,TNFSF13,ENSG00000161955,ENST00000994518,intron_variant,MODIFIER,,3_prime_UTR_variant
rs58840546,SENP3,ENSG00000161956,ENST00001057567,upstream_gene_variant,MODIFIER,1605.0,3_prime_UTR_variant
rs58840546,SENP3,ENSG00000161956,ENST00001057568,upstream_gene_variant,MODIFIER,1655.0,3_prime_UTR_variant
rs58840546,TNFSF12,ENSG00000239697,ENST00001057654,downstream_gene_variant,MODIFIER,2440.0,3_prime_UTR_variant
rs58840546,TNFSF12,ENSG00000239697,ENST00001057655,downstream_gene_variant,MODIFIER,2454.0,3_prime_UTR_variant
rs58840546,TNFSF13,ENSG00000161955,ENST00001057862,intron_variant,MODIFIER,,3_prime_UTR_variant
rs58840546,TNFSF13,ENSG00000161955,ENST00001057863,"intron_variant,NMD_transcript_variant",MODIFIER,,3_prime_UTR_variant
rs58840546,TNFSF13,ENSG00000161955,ENST00001057864,"intron_variant,NMD_transcript_variant",MODIFIER,,3_prime_UTR_variant
rs58840546,TNFSF13,ENSG00000161955,ENST00001057865,"intron_variant,NMD_transcript_variant",MODIFIER,,3_prime_UTR_variant
rs58840546,TNFSF13,ENSG00000161955,ENST00001057866,"3_prime_UTR_variant,NMD_transcript_variant",MODIFIER,,3_prime_UTR_variant
rs58840546,TNFSF13,ENSG00000161955,ENST00001057867,"intron_variant,NMD_transcript_variant",MODIFIER,,3_prime_UTR_variant
rs58840546,TNFSF13,ENSG00000161955,ENST00001057868,intron_variant,MODIFIER,,3_prime_UTR_variant
rs58840546,TNFSF13,ENSG00000161955,ENST00001127200,intron_variant,MODIFIER,,3_prime_UTR_variant
rs58840546,TNFSF13,ENSG00000161955,ENST00001138589,intron_variant,MODIFIER,,3_prime_UTR_variant
rs58840546,TNFSF12,ENSG00000239697,ENST00001140329,downstream_gene_variant,MODIFIER,2441.0,3_prime_UTR_variant
rs58840546,SENP3,ENSG00000161956,ENST00001142161,upstream_gene_variant,MODIFIER,1535.0,3_prime_UTR_variant
rs138799625,ATP8B4,ENSG00000104043,ENST00000284509,missense_variant,MODERATE,,missense_variant
rs138799625,ATP8B4,ENSG00000104043,ENST00000557955,"missense_variant,NMD_transcript_variant",MODERATE,,missense_variant
rs138799625,ATP8B4,ENSG00000104043,ENST00000558906,"3_prime_UTR_variant,NMD_transcript_variant",MODIFIER,,missense_variant
rs138799625,ATP8B4,ENSG00000104043,ENST00000559726,"3_prime_UTR_variant,NMD_transcript_variant",MODIFIER,,missense_variant
rs138799625,ATP8B4,ENSG00000104043,ENST00000559829,missense_variant,MODERATE,,missense_variant
rs138799625,ATP8B4,ENSG00000104043,ENST00000895127,missense_variant,MODERATE,,missense_variant
rs138799625,ATP8B4,ENSG00000104043,ENST00000895128,missense_variant,MODERATE,,missense_variant
rs138799625,ATP8B4,ENSG00000104043,ENST00000895129,missense_variant,MODERATE,,missense_variant
rs138799625,ATP8B4,ENSG00000104043,ENST00000895130,missense_variant,MODERATE,,missense_variant
rs138799625,ATP8B4,ENSG00000104043,ENST00000895131,missense_variant,MODERATE,,missense_variant
rs138799625,ATP8B4,ENSG00000104043,ENST00000895132,missense_variant,MODERATE,,missense_variant
rs138799625,ATP8B4,ENSG00000104043,ENST00000966552,missense_variant,MODERATE,,missense_variant
rs138799625,ATP8B4,ENSG00000104043,ENST00000966553,missense_variant,MODERATE,,missense_variant
rs13276936,NDUFAF6,ENSG00000156170,ENST00000396111,intron_variant,MODIFIER,,intron_variant
rs13276936,NDUFAF6,ENSG00000156170,ENST00000396113,intron_variant,MODIFIER,,intron_variant
rs13276936,NDUFAF6,ENSG00000156170,ENST00000519136,intron_variant,MODIFIER,,intron_variant
rs13276936,NDUFAF6,ENSG00000156170,ENST00000521587,"intron_variant,non_coding_transcript_variant",MODIFIER,,intron_variant
rs13276936,NDUFAF6,ENSG00000156170,ENST00000521840,"intron_variant,non_coding_transcript_variant",MODIFIER,,intron_variant
rs13276936,NDUFAF6,ENSG00000156170,ENST00000523378,intron_variant,MODIFIER,,intron_variant
rs13276936,NDUFAF6,ENSG00000156170,ENST00000697354,downstream_gene_variant,MODIFIER,1258.0,intron_variant
rs13276936,NDUFAF6,ENSG00000156170,ENST00000697355,"intron_variant,NMD_transcript_variant",MODIFIER,,intron_variant
rs13276936,NDUFAF6,ENSG00000156170,ENST00000697356,"intron_variant,non_coding_transcript_variant",MODIFIER,,intron_variant
rs13276936,NDUFAF6,ENSG00000156170,ENST00000697357,downstream_gene_variant,MODIFIER,2084.0,intron_variant
rs13276936,NDUFAF6,ENSG00000156170,ENST00000697358,"intron_variant,non_coding_transcript_variant",MODIFIER,,intron_variant
rs13276936,NDUFAF6,ENSG00000156170,ENST00000697359,"intron_variant,non_coding_transcript_variant",MODIFIER,,intron_variant
rs13276936,NDUFAF6,ENSG00000156170,ENST00000697360,"intron_variant,non_coding_transcript_variant",MODIFIER,,intron_variant
rs13276936,NDUFAF6,ENSG00000156170,ENST00000697361,"intron_variant,non_coding_transcript_variant",MODIFIER,,intron_variant
rs13276936,NDUFAF6,ENSG00000156170,ENST00000697362,"intron_variant,non_coding_transcript_variant",MODIFIER,,intron_variant
rs13276936,NDUFAF6,ENSG00000156170,ENST00000697364,intron_variant,MODIFIER,,intron_variant
rs13276936,NDUFAF6,ENSG00000156170,ENST00000697365,downstream_gene_variant,MODIFIER,404.0,intron_variant
rs13276936,NDUFAF6,ENSG00000156170,ENST00000697366,"intron_variant,non_coding_transcript_variant",MODIFIER,,intron_variant
rs535347112,SETD7,ENSG00000145391,ENST00000608795,intron_variant,MODIFIER,,intron_variant
rs535347112,SETD7,ENSG00000145391,ENST00000608958,downstream_gene_variant,MODIFIER,1643.0,intron_variant
rs535347112,QKILA,ENSG00000261268,ENST00000692679,"intron_variant,non_coding_transcript_variant",MODIFIER,,intron_variant
rs535347112,,ENSG00000286896,ENST00000701186,"intron_variant,non_coding_transcript_variant",MODIFIER,,intron_variant
rs535347112,,ENSG00000286896,ENST00000701794,"intron_variant,non_coding_transcript_variant",MODIFIER,,intron_variant
rs535347112,QKILA,ENSG00000261268,ENST00000730151,"intron_variant,non_coding_transcript_variant",MODIFIER,,intron_variant
rs535347112,,ENSG00000286896,ENST00000730241,"intron_variant,non_coding_transcript_variant",MODIFIER,,intron_variant
rs535347112,,ENSG00000286896,ENST00000730242,"intron_variant,non_coding_transcript_variant",MODIFIER,,intron_variant
rs535347112,,ENSG00000286896,ENST00000730243,"intron_variant,non_coding_transcript_variant",MODIFIER,,intron_variant
rs11591206,,ENSG00000238934,ENST00000459014,upstream_gene_variant,MODIFIER,237.0,intron_variant
rs11591206,,ENSG00000224985,ENST00000748501,"intron_variant,non_coding_transcript_variant",MODIFIER,,intron_variant
rs11591206,,ENSG00000224985,ENST00000748502,"intron_variant,non_coding_transcript_variant",MODIFIER,,intron_variant
rs11591206,,ENSG00000224985,ENST00000748504,"intron_variant,non_coding_transcript_variant",MODIFIER,,intron_variant
rs2830489,,,,intergenic_variant,MODIFIER,,intergenic_variant
rs2154481,APP,ENSG00000142192,ENST00000346798,intron_variant,MODIFIER,,intron_variant
rs2154481,APP,ENSG00000142192,ENST00000348990,intron_variant,MODIFIER,,intron_variant
rs2154481,APP,ENSG00000142192,ENST00000354192,intron_variant,MODIFIER,,intron_variant
rs2154481,APP,ENSG00000142192,ENST00000357903,intron_variant,MODIFIER,,intron_variant
rs2154481,APP,ENSG00000142192,ENST00000358918,intron_variant,MODIFIER,,intron_variant
rs2154481,APP,ENSG00000142192,ENST00000359726,intron_variant,MODIFIER,,intron_variant
rs2154481,APP,ENSG00000142192,ENST00000439274,intron_variant,MODIFIER,,intron_variant
rs2154481,APP,ENSG00000142192,ENST00000440126,intron_variant,MODIFIER,,intron_variant
rs2154481,APP,ENSG00000142192,ENST00000462267,"intron_variant,non_coding_transcript_variant",MODIFIER,,intron_variant
rs2154481,APP,ENSG00000142192,ENST00000474136,"intron_variant,non_coding_transcript_variant",MODIFIER,,intron_variant
rs2154481,APP,ENSG00000142192,ENST00000707132,"intron_variant,non_coding_transcript_variant",MODIFIER,,intron_variant
rs2154481,APP,ENSG00000142192,ENST00000872524,intron_variant,MODIFIER,,intron_variant
rs2154481,APP,ENSG00000142192,ENST00000872525,intron_variant,MODIFIER,,intron_variant
rs2154481,APP,ENSG00000142192,ENST00000872526,intron_variant,MODIFIER,,intron_variant
rs2154481,APP,ENSG00000142192,ENST00000872527,intron_variant,MODIFIER,,intron_variant
rs2154481,APP,ENSG00000142192,ENST00000872528,intron_variant,MODIFIER,,intron_variant
rs2154481,APP,ENSG00000142192,ENST00000872529,intron_variant,MODIFIER,,intron_variant
rs2154481,APP,ENSG00000142192,ENST00000872530,intron_variant,MODIFIER,,intron_variant
rs2154481,APP,ENSG00000142192,ENST00000872531,intron_variant,MODIFIER,,intron_variant
rs2154481,APP,ENSG00000142192,ENST00000872532,intron_variant,MODIFIER,,intron_variant
rs2154481,APP,ENSG00000142192,ENST00000872533,intron_variant,MODIFIER,,intron_variant
rs2154481,APP,ENSG00000142192,ENST00000872534,intron_variant,MODIFIER,,intron_variant
rs2154481,APP,ENSG00000142192,ENST00000872535,intron_variant,MODIFIER,,intron_variant
rs2154481,APP,ENSG00000142192,ENST00000872536,intron_variant,MODIFIER,,intron_variant
rs2154481,APP,ENSG00000142192,ENST00000872537,intron_variant,MODIFIER,,intron_variant
rs2154481,APP,ENSG00000142192,ENST00000872538,intron_variant,MODIFIER,,intron_variant
rs2154481,APP,ENSG00000142192,ENST00000932837,intron_variant,MODIFIER,,intron_variant
rs2154481,APP,ENSG00000142192,ENST00000932838,intron_variant,MODIFIER,,intron_variant
rs2154481,APP,ENSG00000142192,ENST00000965079,intron_variant,MODIFIER,,intron_variant
rs2154481,APP,ENSG00000142192,ENST00000965080,intron_variant,MODIFIER,,intron_variant
rs2154481,APP,ENSG00000142192,ENST00000965081,intron_variant,MODIFIER,,intron_variant
rs2154481,APP,ENSG00000142192,ENST00001003894,intron_variant,MODIFIER,,intron_variant
rs2154481,APP,ENSG00000142192,ENST00001003895,intron_variant,MODIFIER,,intron_variant
rs2154481,APP,ENSG00000142192,ENST00001003897,intron_variant,MODIFIER,,intron_variant
rs2154481,APP,ENSG00000142192,ENST00001046380,intron_variant,MODIFIER,,intron_variant
rs2154481,APP,ENSG00000142192,ENST00001046382,intron_variant,MODIFIER,,intron_variant
rs2154481,APP,ENSG00000142192,ENST00001086896,"intron_variant,NMD_transcript_variant",MODIFIER,,intron_variant
rs2154481,APP,ENSG00000142192,ENST00001086897,"intron_variant,NMD_transcript_variant",MODIFIER,,intron_variant
rs2154481,APP,ENSG00000142192,ENST00001086898,intron_variant,MODIFIER,,intron_variant
rs2154481,APP,ENSG00000142192,ENST00001107673,intron_variant,MODIFIER,,intron_variant
rs2154481,APP,ENSG00000142192,ENST00001107674,intron_variant,MODIFIER,,intron_variant
rs2154481,APP,ENSG00000142192,ENST00001107675,intron_variant,MODIFIER,,intron_variant
rs2154481,APP,ENSG00000142192,ENST00001107676,intron_variant,MODIFIER,,intron_variant
rs2154481,APP,ENSG00000142192,ENST00001107677,intron_variant,MODIFIER,,intron_variant
rs2154481,APP,ENSG00000142192,ENST00001107678,intron_variant,MODIFIER,,intron_variant
rs2154481,APP,ENSG00000142192,ENST00001107679,intron_variant,MODIFIER,,intron_variant
rs2154481,APP,ENSG00000142192,ENST00001107680,intron_variant,MODIFIER,,intron_variant
rs2154481,APP,ENSG00000142192,ENST00001107681,intron_variant,MODIFIER,,intron_variant
rs2154481,APP,ENSG00000142192,ENST00001114381,intron_variant,MODIFIER,,intron_variant
rs2154481,APP,ENSG00000142192,ENST00001114382,"intron_variant,NMD_transcript_variant",MODIFIER,,intron_variant
rs2154481,APP,ENSG00000142192,ENST00001114383,intron_variant,MODIFIER,,intron_variant
rs2154481,APP,ENSG00000142192,ENST00001114384,intron_variant,MODIFIER,,intron_variant
rs2154481,APP,ENSG00000142192,ENST00001114385,intron_variant,MODIFIER,,intron_variant
rs2154481,APP,ENSG00000142192,ENST00001131782,intron_variant,MODIFIER,,intron_variant
rs6742,ZBTB46,ENSG00000130584,ENST00000245663,downstream_gene_variant,MODIFIER,582.0,3_prime_UTR_variant
rs6742,SLC2A4RG,ENSG00000125520,ENST00000266077,3_prime_UTR_variant,MODIFIER,,3_prime_UTR_variant
rs6742,LIME1,ENSG00000203896,ENST00000309546,downstream_gene_variant,MODIFIER,3985.0,3_prime_UTR_variant
rs6742,ZBTB46,ENSG00000130584,ENST00000395104,downstream_gene_variant,MODIFIER,580.0,3_prime_UTR_variant
rs6742,ZBTB46-AS2,ENSG00000229299,ENST00000433905,upstream_gene_variant,MODIFIER,2312.0,3_prime_UTR_variant
rs6742,LIME1,ENSG00000203896,ENST00000444951,downstream_gene_variant,MODIFIER,4854.0,3_prime_UTR_variant
rs6742,ZBTB46-AS2,ENSG00000229299,ENST00000447343,upstream_gene_variant,MODIFIER,1601.0,3_prime_UTR_variant
rs6742,LIME1,ENSG00000203896,ENST00000465591,downstream_gene_variant,MODIFIER,4956.0,3_prime_UTR_variant
rs6742,SLC2A4RG,ENSG00000125520,ENST00000473157,non_coding_transcript_exon_variant,MODIFIER,,3_prime_UTR_variant
rs6742,SLC2A4RG,ENSG00000125520,ENST00000474248,downstream_gene_variant,MODIFIER,922.0,3_prime_UTR_variant
rs6742,LIME1,ENSG00000203896,ENST00000476183,downstream_gene_variant,MODIFIER,4294.0,3_prime_UTR_variant
rs6742,LIME1,ENSG00000203896,ENST00000480139,downstream_gene_variant,MODIFIER,4283.0,3_prime_UTR_variant
rs6742,SLC2A4RG,ENSG00000125520,ENST00000482718,downstream_gene_variant,MODIFIER,553.0,3_prime_UTR_variant
rs6742,SLC2A4RG,ENSG00000125520,ENST00000485897,downstream_gene_variant,MODIFIER,598.0,3_prime_UTR_variant
rs6742,LIME1,ENSG00000203896,ENST00000487026,downstream_gene_variant,MODIFIER,4414.0,3_prime_UTR_variant
rs6742,LIME1,ENSG00000203896,ENST00000489212,downstream_gene_variant,MODIFIER,4729.0,3_prime_UTR_variant
rs6742,SLC2A4RG,ENSG00000125520,ENST00000491109,downstream_gene_variant,MODIFIER,554.0,3_prime_UTR_variant
rs6742,LIME1,ENSG00000203896,ENST00000493265,downstream_gene_variant,MODIFIER,4744.0,3_prime_UTR_variant
rs6742,SLC2A4RG,ENSG00000125520,ENST00000493772,non_coding_transcript_exon_variant,MODIFIER,,3_prime_UTR_variant
rs6742,LIME1,ENSG00000203896,ENST00000494776,downstream_gene_variant,MODIFIER,3985.0,3_prime_UTR_variant
rs6742,SLC2A4RG,ENSG00000125520,ENST00000496425,non_coding_transcript_exon_variant,MODIFIER,,3_prime_UTR_variant
rs6742,LIME1,ENSG00000203896,ENST00000621325,downstream_gene_variant,MODIFIER,3985.0,3_prime_UTR_variant
rs6742,SLC2A4RG,ENSG00000125520,ENST00000872204,3_prime_UTR_variant,MODIFIER,,3_prime_UTR_variant
rs6742,LIME1,ENSG00000203896,ENST00000899469,downstream_gene_variant,MODIFIER,3980.0,3_prime_UTR_variant
rs6742,LIME1,ENSG00000203896,ENST00000899470,downstream_gene_variant,MODIFIER,3980.0,3_prime_UTR_variant
rs6742,LIME1,ENSG00000203896,ENST00000899471,downstream_gene_variant,MODIFIER,3983.0,3_prime_UTR_variant
rs6742,LIME1,ENSG00000203896,ENST00000899472,downstream_gene_variant,MODIFIER,3980.0,3_prime_UTR_variant
rs6742,LIME1,ENSG00000203896,ENST00000899473,downstream_gene_variant,MODIFIER,3980.0,3_prime_UTR_variant
rs6742,LIME1,ENSG00000203896,ENST00000899474,downstream_gene_variant,MODIFIER,3980.0,3_prime_UTR_variant
rs6742,LIME1,ENSG00000203896,ENST00000899475,downstream_gene_variant,MODIFIER,3980.0,3_prime_UTR_variant
rs6742,ZBTB46,ENSG00000130584,ENST00000906793,downstream_gene_variant,MODIFIER,580.0,3_prime_UTR_variant
rs6742,ZBTB46,ENSG00000130584,ENST00000906794,downstream_gene_variant,MODIFIER,580.0,3_prime_UTR_variant
rs6742,ZBTB46,ENSG00000130584,ENST00000906795,downstream_gene_variant,MODIFIER,580.0,3_prime_UTR_variant
rs6742,ZBTB46,ENSG00000130584,ENST00000906796,downstream_gene_variant,MODIFIER,580.0,3_prime_UTR_variant
rs6742,ZBTB46,ENSG00000130584,ENST00000912108,downstream_gene_variant,MODIFIER,580.0,3_prime_UTR_variant
rs6742,ZBTB46,ENSG00000130584,ENST00000912109,downstream_gene_variant,MODIFIER,580.0,3_prime_UTR_variant
rs6742,SLC2A4RG,ENSG00000125520,ENST00000922156,3_prime_UTR_variant,MODIFIER,,3_prime_UTR_variant
rs6742,SLC2A4RG,ENSG00000125520,ENST00000922157,3_prime_UTR_variant,MODIFIER,,3_prime_UTR_variant
rs6742,SLC2A4RG,ENSG00000125520,ENST00000946584,3_prime_UTR_variant,MODIFIER,,3_prime_UTR_variant
rs6742,SLC2A4RG,ENSG00000125520,ENST00000946585,3_prime_UTR_variant,MODIFIER,,3_prime_UTR_variant
rs6742,SLC2A4RG,ENSG00000125520,ENST00000946586,3_prime_UTR_variant,MODIFIER,,3_prime_UTR_variant
rs6742,ZBTB46,ENSG00000130584,ENST00000947317,downstream_gene_variant,MODIFIER,580.0,3_prime_UTR_variant
rs6742,ZBTB46,ENSG00000130584,ENST00000947318,downstream_gene_variant,MODIFIER,580.0,3_prime_UTR_variant
rs6742,ZBTB46,ENSG00000130584,ENST00000947319,downstream_gene_variant,MODIFIER,580.0,3_prime_UTR_variant
rs6742,LIME1,ENSG00000203896,ENST00000955191,downstream_gene_variant,MODIFIER,3980.0,3_prime_UTR_variant
rs6742,LIME1,ENSG00000203896,ENST00000955192,downstream_gene_variant,MODIFIER,3983.0,3_prime_UTR_variant
rs6742,LIME1,ENSG00000203896,ENST00000984669,downstream_gene_variant,MODIFIER,3986.0,3_prime_UTR_variant
rs6742,LIME1,ENSG00000203896,ENST00000984670,downstream_gene_variant,MODIFIER,3985.0,3_prime_UTR_variant
rs6742,LIME1,ENSG00000203896,ENST00000984671,downstream_gene_variant,MODIFIER,3982.0,3_prime_UTR_variant
rs6742,LIME1,ENSG00000203896,ENST00000984672,downstream_gene_variant,MODIFIER,3982.0,3_prime_UTR_variant
rs6742,LIME1,ENSG00000203896,ENST00000984674,downstream_gene_variant,MODIFIER,3985.0,3_prime_UTR_variant
rs6742,ZBTB46,ENSG00000130584,ENST00001057477,downstream_gene_variant,MODIFIER,584.0,3_prime_UTR_variant
rs6742,SLC2A4RG,ENSG00000125520,ENST00001057857,"3_prime_UTR_variant,NMD_transcript_variant",MODIFIER,,3_prime_UTR_variant
rs6742,SLC2A4RG,ENSG00000125520,ENST00001057858,"3_prime_UTR_variant,NMD_transcript_variant",MODIFIER,,3_prime_UTR_variant
rs6742,SLC2A4RG,ENSG00000125520,ENST00001057859,"3_prime_UTR_variant,NMD_transcript_variant",MODIFIER,,3_prime_UTR_variant
rs6742,SLC2A4RG,ENSG00000125520,ENST00001057861,"3_prime_UTR_variant,NMD_transcript_variant",MODIFIER,,3_prime_UTR_variant
rs6742,LIME1,ENSG00000203896,ENST00001057876,downstream_gene_variant,MODIFIER,3985.0,3_prime_UTR_variant
rs6742,SLC2A4RG,ENSG00000125520,ENST00001081196,"3_prime_UTR_variant,NMD_transcript_variant",MODIFIER,,3_prime_UTR_variant
rs6742,LIME1,ENSG00000203896,ENST00001091337,downstream_gene_variant,MODIFIER,3980.0,3_prime_UTR_variant
rs6742,LIME1,ENSG00000203896,ENST00001091338,downstream_gene_variant,MODIFIER,3981.0,3_prime_UTR_variant
rs6742,LIME1,ENSG00000203896,ENST00001121023,downstream_gene_variant,MODIFIER,3983.0,3_prime_UTR_variant
rs6742,ZBTB46,ENSG00000130584,ENST00001132083,downstream_gene_variant,MODIFIER,580.0,3_prime_UTR_variant
rs6742,LIME1,ENSG00000203896,ENST00001133681,downstream_gene_variant,MODIFIER,3980.0,3_prime_UTR_variant
rs6742,SLC2A4RG,ENSG00000125520,ENST00001134611,3_prime_UTR_variant,MODIFIER,,3_prime_UTR_variant
rs6014724,CASS4,ENSG00000087589,ENST00000360314,intron_variant,MODIFIER,,intron_variant
rs6014724,CASS4,ENSG00000087589,ENST00000434344,intron_variant,MODIFIER,,intron_variant
rs6014724,CASS4,ENSG00000087589,ENST00000497244,"intron_variant,non_coding_transcript_variant",MODIFIER,,intron_variant
rs6014724,CASS4,ENSG00000087589,ENST00000679529,intron_variant,MODIFIER,,intron_variant
rs6014724,CASS4,ENSG00000087589,ENST00000679887,intron_variant,MODIFIER,,intron_variant
rs6014724,CASS4,ENSG00000087589,ENST00000887185,intron_variant,MODIFIER,,intron_variant
rs6014724,CASS4,ENSG00000087589,ENST00000887186,intron_variant,MODIFIER,,intron_variant
rs6014724,CASS4,ENSG00000087589,ENST00000956166,intron_variant,MODIFIER,,intron_variant
rs6014724,CASS4,ENSG00000087589,ENST00001130571,downstream_gene_variant,MODIFIER,4550.0,intron_variant
rs6014724,CASS4,ENSG00000087589,ENST00001132508,intron_variant,MODIFIER,,intron_variant
rs1358782,RBCK1,ENSG00000125826,ENST00000353660,intron_variant,MODIFIER,,intron_variant
rs1358782,RBCK1,ENSG00000125826,ENST00000356286,intron_variant,MODIFIER,,intron_variant
rs1358782,RBCK1,ENSG00000125826,ENST00000382181,"intron_variant,NMD_transcript_variant",MODIFIER,,intron_variant
rs1358782,RBCK1,ENSG00000125826,ENST00000382214,"intron_variant,NMD_transcript_variant",MODIFIER,,intron_variant
rs1358782,RBCK1,ENSG00000125826,ENST00000400245,downstream_gene_variant,MODIFIER,2570.0,intron_variant
rs1358782,RBCK1,ENSG00000125826,ENST00000400247,downstream_gene_variant,MODIFIER,2570.0,intron_variant
rs1358782,RBCK1,ENSG00000125826,ENST00000411647,intron_variant,MODIFIER,,intron_variant
rs1358782,RBCK1,ENSG00000125826,ENST00000414880,intron_variant,MODIFIER,,intron_variant
rs1358782,RBCK1,ENSG00000125826,ENST00000415942,"intron_variant,NMD_transcript_variant",MODIFIER,,intron_variant
rs1358782,RBCK1,ENSG00000125826,ENST00000441733,intron_variant,MODIFIER,,intron_variant
rs1358782,RBCK1,ENSG00000125826,ENST00000465226,downstream_gene_variant,MODIFIER,4583.0,intron_variant
rs1358782,RBCK1,ENSG00000125826,ENST00000475269,downstream_gene_variant,MODIFIER,2570.0,intron_variant
rs1358782,RBCK1,ENSG00000125826,ENST00000697804,"intron_variant,NMD_transcript_variant",MODIFIER,,intron_variant
rs1358782,RBCK1,ENSG00000125826,ENST00000697805,intron_variant,MODIFIER,,intron_variant
rs1358782,RBCK1,ENSG00000125826,ENST00000878594,intron_variant,MODIFIER,,intron_variant
rs1358782,RBCK1,ENSG00000125826,ENST00000878595,intron_variant,MODIFIER,,intron_variant
rs1358782,RBCK1,ENSG00000125826,ENST00000878596,intron_variant,MODIFIER,,intron_variant
rs1358782,RBCK1,ENSG00000125826,ENST00000878597,intron_variant,MODIFIER,,intron_variant
rs1358782,RBCK1,ENSG00000125826,ENST00000878598,intron_variant,MODIFIER,,intron_variant
rs1358782,RBCK1,ENSG00000125826,ENST00000878599,intron_variant,MODIFIER,,intron_variant
rs1358782,RBCK1,ENSG00000125826,ENST00000878600,intron_variant,MODIFIER,,intron_variant
rs1358782,RBCK1,ENSG00000125826,ENST00000878601,intron_variant,MODIFIER,,intron_variant
rs1358782,RBCK1,ENSG00000125826,ENST00000878602,intron_variant,MODIFIER,,intron_variant
rs1358782,RBCK1,ENSG00000125826,ENST00000932273,intron_variant,MODIFIER,,intron_variant
rs1358782,RBCK1,ENSG00000125826,ENST00000952169,intron_variant,MODIFIER,,intron_variant
rs1358782,RBCK1,ENSG00000125826,ENST00000952170,intron_variant,MODIFIER,,intron_variant
rs1358782,RBCK1,ENSG00000125826,ENST00000952171,intron_variant,MODIFIER,,intron_variant
rs1358782,RBCK1,ENSG00000125826,ENST00000952172,intron_variant,MODIFIER,,intron_variant
rs1358782,RBCK1,ENSG00000125826,ENST00000952173,intron_variant,MODIFIER,,intron_variant
rs1358782,RBCK1,ENSG00000125826,ENST00000952174,intron_variant,MODIFIER,,intron_variant
rs1358782,RBCK1,ENSG00000125826,ENST00000952175,intron_variant,MODIFIER,,intron_variant
rs1358782,RBCK1,ENSG00000125826,ENST00000952176,intron_variant,MODIFIER,,intron_variant
rs1358782,RBCK1,ENSG00000125826,ENST00000952177,intron_variant,MODIFIER,,intron_variant
rs1358782,RBCK1,ENSG00000125826,ENST00000952178,intron_variant,MODIFIER,,intron_variant
rs1358782,,ENSG00000310773,ENST00000973303,upstream_gene_variant,MODIFIER,3575.0,intron_variant
rs1358782,RBCK1,ENSG00000125826,ENST00000993815,"intron_variant,NMD_transcript_variant",MODIFIER,,intron_variant
rs1358782,RBCK1,ENSG00000125826,ENST00000993816,downstream_gene_variant,MODIFIER,2571.0,intron_variant
rs1358782,RBCK1,ENSG00000125826,ENST00000993817,downstream_gene_variant,MODIFIER,2570.0,intron_variant
rs1358782,RBCK1,ENSG00000125826,ENST00001055999,"intron_variant,NMD_transcript_variant",MODIFIER,,intron_variant
rs1358782,RBCK1,ENSG00000125826,ENST00001056000,"intron_variant,NMD_transcript_variant",MODIFIER,,intron_variant
rs1358782,RBCK1,ENSG00000125826,ENST00001056001,"intron_variant,NMD_transcript_variant",MODIFIER,,intron_variant
rs1358782,RBCK1,ENSG00000125826,ENST00001056003,"intron_variant,NMD_transcript_variant",MODIFIER,,intron_variant
rs1358782,RBCK1,ENSG00000125826,ENST00001056004,"intron_variant,NMD_transcript_variant",MODIFIER,,intron_variant
rs1358782,RBCK1,ENSG00000125826,ENST00001056005,"intron_variant,NMD_transcript_variant",MODIFIER,,intron_variant
rs1358782,RBCK1,ENSG00000125826,ENST00001056006,intron_variant,MODIFIER,,intron_variant
rs1358782,RBCK1,ENSG00000125826,ENST00001056007,"intron_variant,NMD_transcript_variant",MODIFIER,,intron_variant
rs1358782,RBCK1,ENSG00000125826,ENST00001056008,"intron_variant,NMD_transcript_variant",MODIFIER,,intron_variant
rs1358782,RBCK1,ENSG00000125826,ENST00001056009,"intron_variant,NMD_transcript_variant",MODIFIER,,intron_variant
rs1358782,RBCK1,ENSG00000125826,ENST00001056011,"intron_variant,NMD_transcript_variant",MODIFIER,,intron_variant
rs1358782,RBCK1,ENSG00000125826,ENST00001056012,"intron_variant,NMD_transcript_variant",MODIFIER,,intron_variant
rs1358782,RBCK1,ENSG00000125826,ENST00001056013,"intron_variant,NMD_transcript_variant",MODIFIER,,intron_variant
rs1358782,RBCK1,ENSG00000125826,ENST00001056014,"intron_variant,NMD_transcript_variant",MODIFIER,,intron_variant
rs1358782,RBCK1,ENSG00000125826,ENST00001085795,"intron_variant,NMD_transcript_variant",MODIFIER,,intron_variant
rs1358782,RBCK1,ENSG00000125826,ENST00001119906,downstream_gene_variant,MODIFIER,1438.0,intron_variant
rs1358782,RBCK1,ENSG00000125826,ENST00001126149,intron_variant,MODIFIER,,intron_variant
rs1358782,RBCK1,ENSG00000125826,ENST00001132327,intron_variant,MODIFIER,,intron_variant
rs587709,RNU6-1307P,ENSG00000212314,ENST00000391012,upstream_gene_variant,MODIFIER,3544.0,intron_variant
rs587709,,ENSG00000240296,ENST00000416320,upstream_gene_variant,MODIFIER,408.0,intron_variant
rs587709,,ENSG00000299998,ENST00000767884,"intron_variant,non_coding_transcript_variant",MODIFIER,,intron_variant
rs587709,,ENSG00000299998,ENST00000767885,upstream_gene_variant,MODIFIER,3709.0,intron_variant
rs587709,,ENSG00000299998,ENST00000767886,upstream_gene_variant,MODIFIER,3709.0,intron_variant
rs587709,,ENSG00000299998,ENST00000767887,upstream_gene_variant,MODIFIER,3715.0,intron_variant
rs587709,,ENSG00000299998,ENST00000767888,upstream_gene_variant,MODIFIER,3716.0,intron_variant
rs587709,,ENSG00000299998,ENST00000767889,upstream_gene_variant,MODIFIER,3763.0,intron_variant
rs587709,,ENSG00000300050,ENST00000768432,downstream_gene_variant,MODIFIER,2462.0,intron_variant
rs587709,,ENSG00000300050,ENST00000768433,downstream_gene_variant,MODIFIER,2471.0,intron_variant
rs587709,U6,ENSG00000274323,ENST00000611790,upstream_gene_variant,MODIFIER,3544.0,upstream_gene_variant
rs587709,,ENSG00000277366,ENST00000613303,upstream_gene_variant,MODIFIER,414.0,upstream_gene_variant
rs587709,,ENSG00000278137,ENST00000613134,upstream_gene_variant,MODIFIER,407.0,upstream_gene_variant
rs587709,U6,ENSG00000275889,ENST00000619359,upstream_gene_variant,MODIFIER,3544.0,upstream_gene_variant
rs587709,U6,ENSG00000275752,ENST00000610695,upstream_gene_variant,MODIFIER,3544.0,upstream_gene_variant
rs587709,,ENSG00000273726,ENST00000618433,upstream_gene_variant,MODIFIER,415.0,upstream_gene_variant
rs587709,,ENSG00000240042,ENST00000454504,upstream_gene_variant,MODIFIER,408.0,upstream_gene_variant
rs587709,U6,ENSG00000275299,ENST00000617976,upstream_gene_variant,MODIFIER,3544.0,upstream_gene_variant
rs9304690,U3,ENSG00000221125,ENST00000408198,upstream_gene_variant,MODIFIER,533.0,synonymous_variant
rs9304690,SIGLEC11,ENSG00000161640,ENST00000426296,"3_prime_UTR_variant,NMD_transcript_variant",MODIFIER,,synonymous_variant
rs9304690,SIGLEC11,ENSG00000161640,ENST00000426971,synonymous_variant,LOW,,synonymous_variant
rs9304690,SIGLEC11,ENSG00000161640,ENST00000447370,synonymous_variant,LOW,,synonymous_variant
rs9304690,SIGLEC11,ENSG00000161640,ENST00000959925,synonymous_variant,LOW,,synonymous_variant
rs9304690,SIGLEC11,ENSG00000161640,ENST00000959926,synonymous_variant,LOW,,synonymous_variant
rs9304690,SIGLEC11,ENSG00000161640,ENST00001025811,"3_prime_UTR_variant,NMD_transcript_variant",MODIFIER,,synonymous_variant
rs9304690,SIGLEC11,ENSG00000161640,ENST00001025812,"3_prime_UTR_variant,NMD_transcript_variant",MODIFIER,,synonymous_variant
rs9304690,SIGLEC11,ENSG00000161640,ENST00001025813,"3_prime_UTR_variant,NMD_transcript_variant",MODIFIER,,synonymous_variant
rs9304690,SIGLEC11,ENSG00000161640,ENST00001025814,"3_prime_UTR_variant,NMD_transcript_variant",MODIFIER,,synonymous_variant
rs9304690,SIGLEC11,ENSG00000161640,ENST00001025815,"3_prime_UTR_variant,NMD_transcript_variant",MODIFIER,,synonymous_variant
rs9304690,SIGLEC11,ENSG00000161640,ENST00001142535,synonymous_variant,LOW,,synonymous_variant
rs149080927,KLF16,ENSG00000129911,ENST00000250916,3_prime_UTR_variant,MODIFIER,,3_prime_UTR_variant
rs149080927,KLF16,ENSG00000129911,ENST00000541015,"intron_variant,NMD_transcript_variant",MODIFIER,,3_prime_UTR_variant
rs149080927,KLF16,ENSG00000129911,ENST00000592313,3_prime_UTR_variant,MODIFIER,,3_prime_UTR_variant
rs149080927,KLF16-AS1,ENSG00000267125,ENST00000592884,downstream_gene_variant,MODIFIER,633.0,3_prime_UTR_variant
rs149080927,KLF16,ENSG00000129911,ENST00000617223,intron_variant,MODIFIER,,3_prime_UTR_variant
rs149080927,KLF16,ENSG00000129911,ENST00001143061,3_prime_UTR_variant,MODIFIER,,3_prime_UTR_variant
rs12151021,ABCA7,ENSG00000064687,ENST00000263094,intron_variant,MODIFIER,,intron_variant
rs12151021,ABCA7,ENSG00000064687,ENST00000433129,"intron_variant,non_coding_transcript_variant",MODIFIER,,intron_variant
rs12151021,ABCA7,ENSG00000064687,ENST00000435683,"intron_variant,NMD_transcript_variant",MODIFIER,,intron_variant
rs12151021,ABCA7,ENSG00000064687,ENST00000530092,upstream_gene_variant,MODIFIER,3201.0,intron_variant
rs12151021,ABCA7,ENSG00000064687,ENST00000533574,downstream_gene_variant,MODIFIER,3321.0,intron_variant
rs4277405,PPIAP55,ENSG00000228979,ENST00000606284,upstream_gene_variant,MODIFIER,47.0,upstream_gene_variant
rs2526377,TSPOAP1,ENSG00000005379,ENST00000268893,upstream_gene_variant,MODIFIER,3857.0,intron_variant
rs2526377,TSPOAP1,ENSG00000005379,ENST00000343736,upstream_gene_variant,MODIFIER,3885.0,intron_variant
rs2526377,MIR142,ENSG00000284353,ENST00000384835,upstream_gene_variant,MODIFIER,1362.0,intron_variant
rs2526377,TSPOAP1-AS1,ENSG00000265148,ENST00000578025,upstream_gene_variant,MODIFIER,4535.0,intron_variant
rs2526377,TSPOAP1-AS1,ENSG00000265148,ENST00000578334,"intron_variant,non_coding_transcript_variant",MODIFIER,,intron_variant
rs2526377,MIR142HG,ENSG00000265206,ENST00000579003,upstream_gene_variant,MODIFIER,157.0,intron_variant
rs2526377,TSPOAP1-AS1,ENSG00000265148,ENST00000579527,"intron_variant,non_coding_transcript_variant",MODIFIER,,intron_variant
rs2526377,TSPOAP1-AS1,ENSG00000265148,ENST00000579859,upstream_gene_variant,MODIFIER,4678.0,intron_variant
rs2526377,TSPOAP1-AS1,ENSG00000265148,ENST00000580022,upstream_gene_variant,MODIFIER,4628.0,intron_variant
rs2526377,TSPOAP1-AS1,ENSG00000265148,ENST00000580515,"intron_variant,non_coding_transcript_variant",MODIFIER,,intron_variant
rs2526377,TSPOAP1-AS1,ENSG00000265148,ENST00000580633,"intron_variant,non_coding_transcript_variant",MODIFIER,,intron_variant
rs2526377,MIR4736,ENSG00000264399,ENST00000581591,downstream_gene_variant,MODIFIER,3296.0,intron_variant
rs2526377,TSPOAP1-AS1,ENSG00000265148,ENST00000582348,upstream_gene_variant,MODIFIER,4656.0,intron_variant
rs2526377,TSPOAP1-AS1,ENSG00000265148,ENST00000583826,upstream_gene_variant,MODIFIER,4523.0,intron_variant
rs2526377,TSPOAP1-AS1,ENSG00000265148,ENST00000583841,upstream_gene_variant,MODIFIER,4566.0,intron_variant
rs2526377,TSPOAP1-AS1,ENSG00000265148,ENST00000585236,upstream_gene_variant,MODIFIER,4669.0,intron_variant
rs2526377,TSPOAP1-AS1,ENSG00000265148,ENST00000656608,"intron_variant,non_coding_transcript_variant",MODIFIER,,intron_variant
rs2526377,TSPOAP1-AS1,ENSG00000265148,ENST00000667382,"intron_variant,non_coding_transcript_variant",MODIFIER,,intron_variant
rs2526377,TSPOAP1-AS1,ENSG00000265148,ENST00000690694,downstream_gene_variant,MODIFIER,1983.0,intron_variant
rs2526377,TSPOAP1-AS1,ENSG00000265148,ENST00000700895,downstream_gene_variant,MODIFIER,1794.0,intron_variant
rs2526377,TSPOAP1-AS1,ENSG00000265148,ENST00000790336,upstream_gene_variant,MODIFIER,4521.0,intron_variant
rs2526377,TSPOAP1-AS1,ENSG00000265148,ENST00000790338,"intron_variant,non_coding_transcript_variant",MODIFIER,,intron_variant
rs2526377,MIR142HG,ENSG00000265206,ENST00000790556,upstream_gene_variant,MODIFIER,156.0,intron_variant
rs2526377,MIR142HG,ENSG00000265206,ENST00000790557,upstream_gene_variant,MODIFIER,159.0,intron_variant
rs2526377,MIR142HG,ENSG00000265206,ENST00000790558,upstream_gene_variant,MODIFIER,159.0,intron_variant
rs2526377,MIR142HG,ENSG00000265206,ENST00000790559,upstream_gene_variant,MODIFIER,157.0,intron_variant
rs2526377,MIR142HG,ENSG00000265206,ENST00000790560,upstream_gene_variant,MODIFIER,160.0,intron_variant
rs2526377,,ENSG00000302963,ENST00000790735,downstream_gene_variant,MODIFIER,2441.0,intron_variant
rs2526377,TSPOAP1,ENSG00000005379,ENST00001106436,upstream_gene_variant,MODIFIER,3857.0,intron_variant
rs2526377,TSPOAP1,ENSG00000005379,ENST00001113575,upstream_gene_variant,MODIFIER,3857.0,intron_variant
rs2526377,TSPOAP1,ENSG00000005379,ENST00001140147,upstream_gene_variant,MODIFIER,3857.0,intron_variant
rs616338,ABI3,ENSG00000108798,ENST00000225941,missense_variant,MODERATE,,missense_variant
rs616338,PHOSPHO1,ENSG00000173868,ENST00000310544,downstream_gene_variant,MODIFIER,3431.0,missense_variant
rs616338,PHOSPHO1,ENSG00000173868,ENST00000413580,downstream_gene_variant,MODIFIER,3411.0,missense_variant
rs616338,ABI3,ENSG00000108798,ENST00000419580,missense_variant,MODERATE,,missense_variant
rs616338,PHOSPHO1,ENSG00000173868,ENST00000503902,downstream_gene_variant,MODIFIER,4865.0,missense_variant
rs616338,PHOSPHO1,ENSG00000173868,ENST00000511066,downstream_gene_variant,MODIFIER,4504.0,missense_variant
rs616338,PHOSPHO1,ENSG00000173868,ENST00000512250,downstream_gene_variant,MODIFIER,4856.0,missense_variant
rs616338,PHOSPHO1,ENSG00000173868,ENST00000514112,downstream_gene_variant,MODIFIER,3411.0,missense_variant
rs616338,ABI3,ENSG00000108798,ENST00000571035,missense_variant,MODERATE,,missense_variant
rs616338,ABI3,ENSG00000108798,ENST00000573347,missense_variant,MODERATE,,missense_variant
rs616338,PHOSPHO1,ENSG00000173868,ENST00000574638,downstream_gene_variant,MODIFIER,4856.0,missense_variant
rs616338,FLJ40194,ENSG00000177369,ENST00000785575,upstream_gene_variant,MODIFIER,4734.0,missense_variant
rs616338,ABI3,ENSG00000108798,ENST00000881777,missense_variant,MODERATE,,missense_variant
rs616338,ABI3,ENSG00000108798,ENST00000881778,missense_variant,MODERATE,,missense_variant
rs616338,ABI3,ENSG00000108798,ENST00000881779,missense_variant,MODERATE,,missense_variant
rs616338,ABI3,ENSG00000108798,ENST00000881780,missense_variant,MODERATE,,missense_variant
rs616338,ABI3,ENSG00000108798,ENST00000881781,missense_variant,MODERATE,,missense_variant
rs616338,ABI3,ENSG00000108798,ENST00000881782,missense_variant,MODERATE,,missense_variant
rs616338,ABI3,ENSG00000108798,ENST00000881783,missense_variant,MODERATE,,missense_variant
rs616338,ABI3,ENSG00000108798,ENST00000881784,missense_variant,MODERATE,,missense_variant
rs616338,ABI3,ENSG00000108798,ENST00000992568,missense_variant,MODERATE,,missense_variant
rs616338,ABI3,ENSG00000108798,ENST00000992569,"synonymous_variant,NMD_transcript_variant",LOW,,missense_variant
rs616338,ABI3,ENSG00000108798,ENST00001045700,"synonymous_variant,NMD_transcript_variant",LOW,,missense_variant
rs616338,PHOSPHO1,ENSG00000173868,ENST00001045873,downstream_gene_variant,MODIFIER,3431.0,missense_variant
rs616338,ABI3,ENSG00000108798,ENST00001110156,missense_variant,MODERATE,,missense_variant
rs616338,PHOSPHO1,ENSG00000173868,ENST00001136240,downstream_gene_variant,MODIFIER,3431.0,missense_variant
rs616338,ABI3,ENSG00000108798,ENST00001142168,missense_variant,MODERATE,,missense_variant
rs199515,WNT3,ENSG00000108379,ENST00000225512,intron_variant,MODIFIER,,intron_variant
rs199515,WNT3,ENSG00000108379,ENST00000573788,"intron_variant,non_coding_transcript_variant",MODIFIER,,intron_variant
rs199515,WNT3,ENSG00000108379,ENST00000706495,intron_variant,MODIFIER,,intron_variant
rs199515,WNT3,ENSG00000108379,ENST00000867601,intron_variant,MODIFIER,,intron_variant
rs199515,WNT3,ENSG00000108379,ENST00000931041,intron_variant,MODIFIER,,intron_variant
rs199515,WNT3,ENSG00000108379,ENST00001065826,"intron_variant,NMD_transcript_variant",MODIFIER,,intron_variant
rs199515,WNT3,ENSG00000108379,ENST00001065827,intron_variant,MODIFIER,,intron_variant
rs199515,WNT3,ENSG00000108379,ENST00001143752,intron_variant,MODIFIER,,intron_variant
rs199515,WNT3,ENSG00000277626,ENST00000611547,intron_variant,MODIFIER,,intron_variant
rs199515,WNT3,ENSG00000277641,ENST00000616347,intron_variant,MODIFIER,,intron_variant
rs199515,WNT3,ENSG00000277641,ENST00000632508,"intron_variant,non_coding_transcript_variant",MODIFIER,,intron_variant
rs5848,GRN,ENSG00000030582,ENST00000053867,3_prime_UTR_variant,MODIFIER,,3_prime_UTR_variant
rs5848,FAM171A2,ENSG00000161682,ENST00000293443,downstream_gene_variant,MODIFIER,339.0,3_prime_UTR_variant
rs5848,GRN,ENSG00000030582,ENST00000585348,downstream_gene_variant,MODIFIER,1277.0,3_prime_UTR_variant
rs5848,GRN,ENSG00000030582,ENST00000585512,downstream_gene_variant,MODIFIER,3601.0,3_prime_UTR_variant
rs5848,GRN,ENSG00000030582,ENST00000586242,3_prime_UTR_variant,MODIFIER,,3_prime_UTR_variant
rs5848,GRN,ENSG00000030582,ENST00000586443,3_prime_UTR_variant,MODIFIER,,3_prime_UTR_variant
rs5848,GRN,ENSG00000030582,ENST00000586782,downstream_gene_variant,MODIFIER,1713.0,3_prime_UTR_variant
rs5848,GRN,ENSG00000030582,ENST00000587109,downstream_gene_variant,MODIFIER,3402.0,3_prime_UTR_variant
rs5848,GRN,ENSG00000030582,ENST00000587387,downstream_gene_variant,MODIFIER,2365.0,3_prime_UTR_variant
rs5848,GRN,ENSG00000030582,ENST00000587518,downstream_gene_variant,MODIFIER,2589.0,3_prime_UTR_variant
rs5848,GRN,ENSG00000030582,ENST00000587958,downstream_gene_variant,MODIFIER,3065.0,3_prime_UTR_variant
rs5848,FAM171A2,ENSG00000161682,ENST00000588067,downstream_gene_variant,MODIFIER,3430.0,3_prime_UTR_variant
rs5848,GRN,ENSG00000030582,ENST00000588143,downstream_gene_variant,MODIFIER,2407.0,3_prime_UTR_variant
rs5848,GRN,ENSG00000030582,ENST00000588170,downstream_gene_variant,MODIFIER,2982.0,3_prime_UTR_variant
rs5848,GRN,ENSG00000030582,ENST00000588237,downstream_gene_variant,MODIFIER,1832.0,3_prime_UTR_variant
rs5848,GRN,ENSG00000030582,ENST00000589265,3_prime_UTR_variant,MODIFIER,,3_prime_UTR_variant
rs5848,FAM171A2,ENSG00000161682,ENST00000589407,downstream_gene_variant,MODIFIER,3091.0,3_prime_UTR_variant
rs5848,GRN,ENSG00000030582,ENST00000589536,downstream_gene_variant,MODIFIER,3140.0,3_prime_UTR_variant
rs5848,GRN,ENSG00000030582,ENST00000589923,downstream_gene_variant,MODIFIER,1081.0,3_prime_UTR_variant
rs5848,GRN,ENSG00000030582,ENST00000590984,downstream_gene_variant,MODIFIER,1576.0,3_prime_UTR_variant
rs5848,GRN,ENSG00000030582,ENST00000591740,downstream_gene_variant,MODIFIER,2593.0,3_prime_UTR_variant
rs5848,GRN,ENSG00000030582,ENST00000592323,downstream_gene_variant,MODIFIER,3087.0,3_prime_UTR_variant
rs5848,GRN,ENSG00000030582,ENST00000592783,downstream_gene_variant,MODIFIER,2572.0,3_prime_UTR_variant
rs5848,GRN,ENSG00000030582,ENST00000593167,downstream_gene_variant,MODIFIER,2551.0,3_prime_UTR_variant
rs5848,GRN,ENSG00000030582,ENST00000900926,3_prime_UTR_variant,MODIFIER,,3_prime_UTR_variant
rs5848,GRN,ENSG00000030582,ENST00000900927,3_prime_UTR_variant,MODIFIER,,3_prime_UTR_variant
rs5848,GRN,ENSG00000030582,ENST00000900928,3_prime_UTR_variant,MODIFIER,,3_prime_UTR_variant
rs5848,GRN,ENSG00000030582,ENST00000900929,3_prime_UTR_variant,MODIFIER,,3_prime_UTR_variant
rs5848,GRN,ENSG00000030582,ENST00000900930,3_prime_UTR_variant,MODIFIER,,3_prime_UTR_variant
rs5848,GRN,ENSG00000030582,ENST00000900931,3_prime_UTR_variant,MODIFIER,,3_prime_UTR_variant
rs5848,GRN,ENSG00000030582,ENST00000900932,3_prime_UTR_variant,MODIFIER,,3_prime_UTR_variant
rs5848,GRN,ENSG00000030582,ENST00000900933,3_prime_UTR_variant,MODIFIER,,3_prime_UTR_variant
rs5848,GRN,ENSG00000030582,ENST00000900934,3_prime_UTR_variant,MODIFIER,,3_prime_UTR_variant
rs5848,GRN,ENSG00000030582,ENST00000900935,3_prime_UTR_variant,MODIFIER,,3_prime_UTR_variant
rs5848,FAM171A2,ENSG00000161682,ENST00000912942,downstream_gene_variant,MODIFIER,339.0,3_prime_UTR_variant
rs5848,FAM171A2,ENSG00000161682,ENST00000912943,downstream_gene_variant,MODIFIER,339.0,3_prime_UTR_variant
rs5848,FAM171A2,ENSG00000161682,ENST00000912944,downstream_gene_variant,MODIFIER,339.0,3_prime_UTR_variant
rs5848,FAM171A2,ENSG00000161682,ENST00000912945,downstream_gene_variant,MODIFIER,339.0,3_prime_UTR_variant
rs5848,GRN,ENSG00000030582,ENST00000918283,3_prime_UTR_variant,MODIFIER,,3_prime_UTR_variant
rs5848,GRN,ENSG00000030582,ENST00000918284,3_prime_UTR_variant,MODIFIER,,3_prime_UTR_variant
rs5848,GRN,ENSG00000030582,ENST00000918285,3_prime_UTR_variant,MODIFIER,,3_prime_UTR_variant
rs5848,GRN,ENSG00000030582,ENST00000918286,3_prime_UTR_variant,MODIFIER,,3_prime_UTR_variant
rs5848,GRN,ENSG00000030582,ENST00000918287,3_prime_UTR_variant,MODIFIER,,3_prime_UTR_variant
rs5848,GRN,ENSG00000030582,ENST00000944505,3_prime_UTR_variant,MODIFIER,,3_prime_UTR_variant
rs5848,GRN,ENSG00000030582,ENST00000944506,3_prime_UTR_variant,MODIFIER,,3_prime_UTR_variant
rs5848,GRN,ENSG00000030582,ENST00000944507,3_prime_UTR_variant,MODIFIER,,3_prime_UTR_variant
rs5848,FAM171A2,ENSG00000161682,ENST00000946728,downstream_gene_variant,MODIFIER,339.0,3_prime_UTR_variant
rs5848,GRN,ENSG00000030582,ENST00000991579,"3_prime_UTR_variant,NMD_transcript_variant",MODIFIER,,3_prime_UTR_variant
rs5848,GRN,ENSG00000030582,ENST00000991582,"3_prime_UTR_variant,NMD_transcript_variant",MODIFIER,,3_prime_UTR_variant
rs5848,GRN,ENSG00000030582,ENST00001009574,"3_prime_UTR_variant,NMD_transcript_variant",MODIFIER,,3_prime_UTR_variant
rs5848,FAM171A2,ENSG00000161682,ENST00001027752,downstream_gene_variant,MODIFIER,4918.0,3_prime_UTR_variant
rs5848,FAM171A2,ENSG00000161682,ENST00001063656,downstream_gene_variant,MODIFIER,339.0,3_prime_UTR_variant
rs5848,GRN,ENSG00000030582,ENST00001080970,"3_prime_UTR_variant,NMD_transcript_variant",MODIFIER,,3_prime_UTR_variant
rs5848,GRN,ENSG00000030582,ENST00001080971,"3_prime_UTR_variant,NMD_transcript_variant",MODIFIER,,3_prime_UTR_variant
rs5848,GRN,ENSG00000030582,ENST00001080972,"3_prime_UTR_variant,NMD_transcript_variant",MODIFIER,,3_prime_UTR_variant
rs5848,FAM171A2,ENSG00000161682,ENST00001142218,downstream_gene_variant,MODIFIER,339.0,3_prime_UTR_variant
rs5848,GRN,ENSG00000030582,ENST00001143606,3_prime_UTR_variant,MODIFIER,,3_prime_UTR_variant
rs2242595,MYO15A,ENSG00000091536,ENST00000418233,intron_variant,MODIFIER,,non_coding_transcript_exon_variant
rs2242595,MYO15A,ENSG00000091536,ENST00000433411,upstream_gene_variant,MODIFIER,2206.0,non_coding_transcript_exon_variant
rs2242595,MYO15A,ENSG00000091536,ENST00000445289,"intron_variant,non_coding_transcript_variant",MODIFIER,,non_coding_transcript_exon_variant
rs2242595,MYO15A,ENSG00000091536,ENST00000473013,upstream_gene_variant,MODIFIER,4607.0,non_coding_transcript_exon_variant
rs2242595,MYO15A,ENSG00000091536,ENST00000536811,"intron_variant,non_coding_transcript_variant",MODIFIER,,non_coding_transcript_exon_variant
rs2242595,MYO15A,ENSG00000091536,ENST00000556535,upstream_gene_variant,MODIFIER,2168.0,non_coding_transcript_exon_variant
rs2242595,MYO15A,ENSG00000091536,ENST00000557190,upstream_gene_variant,MODIFIER,2168.0,non_coding_transcript_exon_variant
rs2242595,MYO15A,ENSG00000091536,ENST00000557655,upstream_gene_variant,MODIFIER,2172.0,non_coding_transcript_exon_variant
rs2242595,MYO15A,ENSG00000091536,ENST00000578472,upstream_gene_variant,MODIFIER,2198.0,non_coding_transcript_exon_variant
rs2242595,MYO15A,ENSG00000091536,ENST00000579848,upstream_gene_variant,MODIFIER,3522.0,non_coding_transcript_exon_variant
rs2242595,MYO15A,ENSG00000091536,ENST00000585180,"intron_variant,non_coding_transcript_variant",MODIFIER,,non_coding_transcript_exon_variant
rs2242595,MYO15A,ENSG00000091536,ENST00000642418,"intron_variant,non_coding_transcript_variant",MODIFIER,,non_coding_transcript_exon_variant
rs2242595,MYO15A,ENSG00000091536,ENST00000643693,non_coding_transcript_exon_variant,MODIFIER,,non_coding_transcript_exon_variant
rs2242595,MYO15A,ENSG00000091536,ENST00000644795,intron_variant,MODIFIER,,non_coding_transcript_exon_variant
rs2242595,MYO15A,ENSG00000091536,ENST00000646782,"intron_variant,non_coding_transcript_variant",MODIFIER,,non_coding_transcript_exon_variant
rs2242595,MYO15A,ENSG00000091536,ENST00000647165,intron_variant,MODIFIER,,non_coding_transcript_exon_variant
rs2242595,MYO15A,ENSG00000091536,ENST00000651214,"intron_variant,non_coding_transcript_variant",MODIFIER,,non_coding_transcript_exon_variant
rs7225151,SCIMP,ENSG00000161929,ENST00000399600,intron_variant,MODIFIER,,intron_variant
rs7225151,ZNF594-DT,ENSG00000261879,ENST00000571689,"intron_variant,non_coding_transcript_variant",MODIFIER,,intron_variant
rs7225151,SCIMP,ENSG00000161929,ENST00000571800,intron_variant,MODIFIER,,intron_variant
rs7225151,ZNF594-DT,ENSG00000261879,ENST00000573772,"intron_variant,non_coding_transcript_variant",MODIFIER,,intron_variant
rs7225151,SCIMP,ENSG00000161929,ENST00000574081,intron_variant,MODIFIER,,intron_variant
rs7225151,SCIMP,ENSG00000161929,ENST00000574297,intron_variant,MODIFIER,,intron_variant
rs7225151,ZNF594-DT,ENSG00000261879,ENST00000649359,"intron_variant,non_coding_transcript_variant",MODIFIER,,intron_variant
rs7225151,ZNF594-DT,ENSG00000261879,ENST00000663434,"intron_variant,non_coding_transcript_variant",MODIFIER,,intron_variant
rs7225151,ZNF594-DT,ENSG00000261879,ENST00000667038,downstream_gene_variant,MODIFIER,1991.0,intron_variant
rs7225151,ZNF594-DT,ENSG00000261879,ENST00000669386,"intron_variant,non_coding_transcript_variant",MODIFIER,,intron_variant
rs7225151,ZNF594-DT,ENSG00000261879,ENST00000671211,"intron_variant,non_coding_transcript_variant",MODIFIER,,intron_variant
rs7225151,ZNF594-DT,ENSG00000261879,ENST00000702138,upstream_gene_variant,MODIFIER,1017.0,intron_variant
rs7225151,ZNF594-DT,ENSG00000261879,ENST00000780146,"intron_variant,non_coding_transcript_variant",MODIFIER,,intron_variant
rs7225151,ZNF594-DT,ENSG00000261879,ENST00000780147,"intron_variant,non_coding_transcript_variant",MODIFIER,,intron_variant
rs7225151,ZNF594-DT,ENSG00000261879,ENST00000780148,"intron_variant,non_coding_transcript_variant",MODIFIER,,intron_variant
rs7225151,ZNF594-DT,ENSG00000261879,ENST00000780152,upstream_gene_variant,MODIFIER,1220.0,intron_variant
rs7225151,ZNF594-DT,ENSG00000261879,ENST00000780154,upstream_gene_variant,MODIFIER,1175.0,intron_variant
rs7225151,ZNF594-DT,ENSG00000261879,ENST00000780155,upstream_gene_variant,MODIFIER,1173.0,intron_variant
rs7225151,ZNF594-DT,ENSG00000261879,ENST00000780156,upstream_gene_variant,MODIFIER,1217.0,intron_variant
rs7225151,SCIMP,ENSG00000161929,ENST00001095240,intron_variant,MODIFIER,,intron_variant
rs7225151,SCIMP,ENSG00000161929,ENST00001107272,intron_variant,MODIFIER,,intron_variant
rs7225151,SCIMP,ENSG00000161929,ENST00001142291,intron_variant,MODIFIER,,intron_variant
rs35048651,WDR81,ENSG00000167716,ENST00000309182,5_prime_UTR_variant,MODIFIER,,inframe_insertion
rs35048651,WDR81,ENSG00000167716,ENST00000409644,inframe_deletion,MODERATE,,inframe_insertion
rs35048651,WDR81,ENSG00000167716,ENST00000409644,inframe_insertion,MODERATE,,inframe_insertion
rs35048651,WDR81,ENSG00000167716,ENST00000418841,intron_variant,MODIFIER,,inframe_insertion
rs35048651,WDR81,ENSG00000167716,ENST00000419248,intron_variant,MODIFIER,,inframe_insertion
rs35048651,WDR81,ENSG00000167716,ENST00000437219,intron_variant,MODIFIER,,inframe_insertion
rs35048651,WDR81,ENSG00000167716,ENST00000446363,intron_variant,MODIFIER,,inframe_insertion
rs35048651,WDR81,ENSG00000167716,ENST00000455636,intron_variant,MODIFIER,,inframe_insertion
rs35048651,WDR81,ENSG00000167716,ENST00000464528,non_coding_transcript_exon_variant,MODIFIER,,inframe_insertion
rs35048651,WDR81,ENSG00000167716,ENST00000468539,intron_variant,MODIFIER,,inframe_insertion
rs35048651,WDR81,ENSG00000167716,ENST00000474958,upstream_gene_variant,MODIFIER,2403.0,inframe_insertion
rs35048651,WDR81,ENSG00000167716,ENST00000479966,upstream_gene_variant,MODIFIER,2413.0,inframe_insertion
rs35048651,WDR81,ENSG00000167716,ENST00000492901,"intron_variant,non_coding_transcript_variant",MODIFIER,,inframe_insertion
rs35048651,WDR81,ENSG00000167716,ENST00000495411,upstream_gene_variant,MODIFIER,3126.0,inframe_insertion
rs35048651,WDR81,ENSG00000167716,ENST00000575206,upstream_gene_variant,MODIFIER,152.0,inframe_insertion
rs35048651,WDR81-AS1,ENSG00000262791,ENST00000576540,"intron_variant,non_coding_transcript_variant",MODIFIER,,inframe_insertion
rs35048651,WDR81,ENSG00000167716,ENST00001045709,"inframe_deletion,NMD_transcript_variant",MODERATE,,inframe_insertion
rs35048651,WDR81,ENSG00000167716,ENST00001045709,"inframe_insertion,NMD_transcript_variant",MODERATE,,inframe_insertion
rs35048651,WDR81,ENSG00000167716,ENST00001045710,inframe_deletion,MODERATE,,inframe_insertion
rs35048651,WDR81,ENSG00000167716,ENST00001045710,inframe_insertion,MODERATE,,inframe_insertion
rs35048651,WDR81,ENSG00000167716,ENST00001045711,"inframe_deletion,NMD_transcript_variant",MODERATE,,inframe_insertion
rs35048651,WDR81,ENSG00000167716,ENST00001045711,"inframe_insertion,NMD_transcript_variant",MODERATE,,inframe_insertion
rs35048651,WDR81,ENSG00000167716,ENST00001065012,"inframe_deletion,NMD_transcript_variant",MODERATE,,inframe_insertion
rs35048651,WDR81,ENSG00000167716,ENST00001065012,"inframe_insertion,NMD_transcript_variant",MODERATE,,inframe_insertion
rs35048651,WDR81,ENSG00000167716,ENST00001142708,inframe_deletion,MODERATE,,inframe_insertion
rs35048651,WDR81,ENSG00000167716,ENST00001142708,inframe_insertion,MODERATE,,inframe_insertion
rs35048651,WDR81,ENSG00000276021,ENST00000611758,5_prime_UTR_variant,MODIFIER,,inframe_insertion
rs35048651,WDR81,ENSG00000276021,ENST00000613381,intron_variant,MODIFIER,,inframe_insertion
rs35048651,WDR81,ENSG00000276021,ENST00000613616,intron_variant,MODIFIER,,inframe_insertion
rs35048651,WDR81,ENSG00000276021,ENST00000615141,intron_variant,MODIFIER,,inframe_insertion
rs35048651,WDR81,ENSG00000276021,ENST00000631436,upstream_gene_variant,MODIFIER,2416.0,inframe_insertion
rs35048651,WDR81,ENSG00000276021,ENST00000631560,intron_variant,MODIFIER,,inframe_insertion
rs35048651,WDR81,ENSG00000276021,ENST00000631907,upstream_gene_variant,MODIFIER,152.0,inframe_insertion
rs35048651,WDR81,ENSG00000276021,ENST00000632244,inframe_insertion,MODERATE,,inframe_insertion
rs35048651,WDR81,ENSG00000276021,ENST00000632313,upstream_gene_variant,MODIFIER,2406.0,inframe_insertion
rs35048651,WDR81,ENSG00000276021,ENST00000632536,upstream_gene_variant,MODIFIER,3129.0,inframe_insertion
rs35048651,WDR81,ENSG00000276021,ENST00000632643,intron_variant,MODIFIER,,inframe_insertion
rs35048651,WDR81,ENSG00000276021,ENST00000633600,"intron_variant,non_coding_transcript_variant",MODIFIER,,inframe_insertion
rs35048651,WDR81,ENSG00000276021,ENST00000634001,intron_variant,MODIFIER,,inframe_insertion
rs35048651,WDR81,ENSG00000276021,ENST00000634145,non_coding_transcript_exon_variant,MODIFIER,,inframe_insertion
rs56407236,,ENSG00000260507,ENST00000562203,downstream_gene_variant,MODIFIER,1408.0,non_coding_transcript_exon_variant
rs56407236,FAM157C,ENSG00000260528,ENST00000563357,"intron_variant,non_coding_transcript_variant",MODIFIER,,non_coding_transcript_exon_variant
rs56407236,FAM157C,ENSG00000260528,ENST00000568070,upstream_gene_variant,MODIFIER,2774.0,non_coding_transcript_exon_variant
rs56407236,FAM157C,ENSG00000260528,ENST00000660047,upstream_gene_variant,MODIFIER,2770.0,non_coding_transcript_exon_variant
rs56407236,FAM157C,ENSG00000260528,ENST00000660257,upstream_gene_variant,MODIFIER,2877.0,non_coding_transcript_exon_variant
rs56407236,FAM157C,ENSG00000260528,ENST00000660322,"intron_variant,non_coding_transcript_variant",MODIFIER,,non_coding_transcript_exon_variant
rs56407236,FAM157C,ENSG00000260528,ENST00000663989,upstream_gene_variant,MODIFIER,2818.0,non_coding_transcript_exon_variant
rs56407236,FAM157C,ENSG00000260528,ENST00000667258,upstream_gene_variant,MODIFIER,2801.0,non_coding_transcript_exon_variant
rs56407236,FAM157C,ENSG00000260528,ENST00000691845,non_coding_transcript_exon_variant,MODIFIER,,non_coding_transcript_exon_variant
rs56407236,FAM157C,ENSG00000260528,ENST00000833279,"intron_variant,non_coding_transcript_variant",MODIFIER,,non_coding_transcript_exon_variant
rs56407236,FAM157C,ENSG00000260528,ENST00000833282,"intron_variant,non_coding_transcript_variant",MODIFIER,,non_coding_transcript_exon_variant
rs56407236,FAM157C,ENSG00000260528,ENST00000833292,upstream_gene_variant,MODIFIER,2883.0,non_coding_transcript_exon_variant
rs56407236,FAM157C,ENSG00000260528,ENST00000833294,upstream_gene_variant,MODIFIER,2775.0,non_coding_transcript_exon_variant
rs56407236,FAM157C,ENSG00000260528,ENST00000833295,upstream_gene_variant,MODIFIER,2841.0,non_coding_transcript_exon_variant
rs56407236,FAM157C,ENSG00000260528,ENST00000833296,upstream_gene_variant,MODIFIER,2861.0,non_coding_transcript_exon_variant
rs56407236,FAM157C,ENSG00000260528,ENST00000833297,upstream_gene_variant,MODIFIER,2811.0,non_coding_transcript_exon_variant
rs56407236,FAM157C,ENSG00000260528,ENST00000833299,upstream_gene_variant,MODIFIER,2766.0,non_coding_transcript_exon_variant
rs56407236,FAM157C,ENSG00000260528,ENST00000833300,"intron_variant,non_coding_transcript_variant",MODIFIER,,non_coding_transcript_exon_variant
rs56407236,FAM157C,ENSG00000260528,ENST00000833303,"intron_variant,non_coding_transcript_variant",MODIFIER,,non_coding_transcript_exon_variant
rs56407236,FAM157C,ENSG00000260528,ENST00000833304,"intron_variant,non_coding_transcript_variant",MODIFIER,,non_coding_transcript_exon_variant
rs56407236,FAM157C,ENSG00000260528,ENST00000833306,"intron_variant,non_coding_transcript_variant",MODIFIER,,non_coding_transcript_exon_variant
rs56407236,FAM157C,ENSG00000260528,ENST00000833307,"intron_variant,non_coding_transcript_variant",MODIFIER,,non_coding_transcript_exon_variant
rs56407236,FAM157C,ENSG00000260528,ENST00000833308,"intron_variant,non_coding_transcript_variant",MODIFIER,,non_coding_transcript_exon_variant
rs56407236,FAM157C,ENSG00000260528,ENST00000833309,"intron_variant,non_coding_transcript_variant",MODIFIER,,non_coding_transcript_exon_variant
rs56407236,FAM157C,ENSG00000260528,ENST00000833310,"intron_variant,non_coding_transcript_variant",MODIFIER,,non_coding_transcript_exon_variant
rs56407236,FAM157C,ENSG00000260528,ENST00000833311,"intron_variant,non_coding_transcript_variant",MODIFIER,,non_coding_transcript_exon_variant
rs56407236,FAM157C,ENSG00000260528,ENST00000833312,"intron_variant,non_coding_transcript_variant",MODIFIER,,non_coding_transcript_exon_variant
rs56407236,FAM157C,ENSG00000260528,ENST00000833313,"intron_variant,non_coding_transcript_variant",MODIFIER,,non_coding_transcript_exon_variant
rs56407236,FAM157C,ENSG00000260528,ENST00000833314,"intron_variant,non_coding_transcript_variant",MODIFIER,,non_coding_transcript_exon_variant
rs56407236,FAM157C,ENSG00000260528,ENST00000833315,"intron_variant,non_coding_transcript_variant",MODIFIER,,non_coding_transcript_exon_variant
rs56407236,FAM157C,ENSG00000260528,ENST00000833316,"intron_variant,non_coding_transcript_variant",MODIFIER,,non_coding_transcript_exon_variant
rs56407236,,ENSG00000261172,ENST00000833555,"intron_variant,non_coding_transcript_variant",MODIFIER,,non_coding_transcript_exon_variant
rs56407236,,ENSG00000261172,ENST00000833556,"intron_variant,non_coding_transcript_variant",MODIFIER,,non_coding_transcript_exon_variant
rs56407236,,ENSG00000261172,ENST00000833559,"intron_variant,non_coding_transcript_variant",MODIFIER,,non_coding_transcript_exon_variant
rs56407236,,ENSG00000308408,ENST00000833834,upstream_gene_variant,MODIFIER,1284.0,non_coding_transcript_exon_variant
rs16941239,,,,intergenic_variant,MODIFIER,,intergenic_variant
rs72824905,PLCG2,ENSG00000197943,ENST00000563375,downstream_gene_variant,MODIFIER,1500.0,missense_variant
rs72824905,PLCG2,ENSG00000197943,ENST00000564138,missense_variant,MODERATE,,missense_variant
rs72824905,PLCG2,ENSG00000197943,ENST00000565054,missense_variant,MODERATE,,missense_variant
rs72824905,PLCG2,ENSG00000197943,ENST00000567980,non_coding_transcript_exon_variant,MODIFIER,,missense_variant
rs72824905,PLCG2,ENSG00000197943,ENST00000570198,non_coding_transcript_exon_variant,MODIFIER,,missense_variant
rs72824905,PLCG2,ENSG00000197943,ENST00000697562,"3_prime_UTR_variant,NMD_transcript_variant",MODIFIER,,missense_variant
rs72824905,PLCG2,ENSG00000197943,ENST00000697563,"3_prime_UTR_variant,NMD_transcript_variant",MODIFIER,,missense_variant
rs72824905,PLCG2,ENSG00000197943,ENST00000697564,missense_variant,MODERATE,,missense_variant
rs72824905,PLCG2,ENSG00000197943,ENST00000697565,downstream_gene_variant,MODIFIER,1417.0,missense_variant
rs72824905,PLCG2,ENSG00000197943,ENST00000697580,missense_variant,MODERATE,,missense_variant
rs72824905,PLCG2,ENSG00000197943,ENST00000697581,"3_prime_UTR_variant,NMD_transcript_variant",MODIFIER,,missense_variant
rs72824905,PLCG2,ENSG00000197943,ENST00000697582,"missense_variant,NMD_transcript_variant",MODERATE,,missense_variant
rs72824905,PLCG2,ENSG00000197943,ENST00000697583,missense_variant,MODERATE,,missense_variant
rs72824905,PLCG2,ENSG00000197943,ENST00000697584,missense_variant,MODERATE,,missense_variant
rs72824905,PLCG2,ENSG00000197943,ENST00000697585,missense_variant,MODERATE,,missense_variant
rs72824905,PLCG2,ENSG00000197943,ENST00000697586,missense_variant,MODERATE,,missense_variant
rs72824905,PLCG2,ENSG00000197943,ENST00000697587,missense_variant,MODERATE,,missense_variant
rs72824905,PLCG2,ENSG00000197943,ENST00000902425,missense_variant,MODERATE,,missense_variant
rs72824905,PLCG2,ENSG00000197943,ENST00000902426,missense_variant,MODERATE,,missense_variant
rs72824905,PLCG2,ENSG00000197943,ENST00000902427,missense_variant,MODERATE,,missense_variant
rs72824905,PLCG2,ENSG00000197943,ENST00000902428,missense_variant,MODERATE,,missense_variant
rs72824905,PLCG2,ENSG00000197943,ENST00000902429,missense_variant,MODERATE,,missense_variant
rs72824905,PLCG2,ENSG00000197943,ENST00000902430,missense_variant,MODERATE,,missense_variant
rs72824905,PLCG2,ENSG00000197943,ENST00000902431,missense_variant,MODERATE,,missense_variant
rs72824905,PLCG2,ENSG00000197943,ENST00000917143,intron_variant,MODIFIER,,missense_variant
rs72824905,PLCG2,ENSG00000197943,ENST00000947323,missense_variant,MODERATE,,missense_variant
rs72824905,PLCG2,ENSG00000197943,ENST00001001734,"3_prime_UTR_variant,NMD_transcript_variant",MODIFIER,,missense_variant
rs72824905,PLCG2,ENSG00000197943,ENST00001031333,"3_prime_UTR_variant,NMD_transcript_variant",MODIFIER,,missense_variant
rs72824905,PLCG2,ENSG00000197943,ENST00001031334,missense_variant,MODERATE,,missense_variant
rs72824905,PLCG2,ENSG00000197943,ENST00001133739,missense_variant,MODERATE,,missense_variant
rs12446759,PLCG2,ENSG00000197943,ENST00000562180,non_coding_transcript_exon_variant,MODIFIER,,non_coding_transcript_exon_variant
rs12446759,PLCG2,ENSG00000197943,ENST00000563954,non_coding_transcript_exon_variant,MODIFIER,,non_coding_transcript_exon_variant
rs12446759,PLCG2,ENSG00000197943,ENST00000565054,intron_variant,MODIFIER,,non_coding_transcript_exon_variant
rs12446759,PLCG2,ENSG00000197943,ENST00000565272,"intron_variant,non_coding_transcript_variant",MODIFIER,,non_coding_transcript_exon_variant
rs12446759,PLCG2,ENSG00000197943,ENST00000565674,downstream_gene_variant,MODIFIER,117.0,non_coding_transcript_exon_variant
rs12446759,PLCG2,ENSG00000197943,ENST00000566191,non_coding_transcript_exon_variant,MODIFIER,,non_coding_transcript_exon_variant
rs12446759,PLCG2,ENSG00000197943,ENST00000568131,non_coding_transcript_exon_variant,MODIFIER,,non_coding_transcript_exon_variant
rs12446759,PLCG2,ENSG00000197943,ENST00000569731,upstream_gene_variant,MODIFIER,228.0,non_coding_transcript_exon_variant
rs12446759,PLCG2,ENSG00000197943,ENST00000697580,intron_variant,MODIFIER,,non_coding_transcript_exon_variant
rs12446759,PLCG2,ENSG00000197943,ENST00000697595,non_coding_transcript_exon_variant,MODIFIER,,non_coding_transcript_exon_variant
rs12446759,PLCG2,ENSG00000197943,ENST00000697596,"intron_variant,non_coding_transcript_variant",MODIFIER,,non_coding_transcript_exon_variant
rs12446759,PLCG2,ENSG00000197943,ENST00000697597,"intron_variant,non_coding_transcript_variant",MODIFIER,,non_coding_transcript_exon_variant
rs12446759,PLCG2,ENSG00000197943,ENST00000697598,non_coding_transcript_exon_variant,MODIFIER,,non_coding_transcript_exon_variant
rs12446759,PLCG2,ENSG00000197943,ENST00000697599,"intron_variant,non_coding_transcript_variant",MODIFIER,,non_coding_transcript_exon_variant
rs450674,,,,intergenic_variant,MODIFIER,,intergenic_variant
rs4985556,IL34,ENSG00000157368,ENST00000288098,stop_gained,HIGH,,stop_gained
rs4985556,IL34,ENSG00000157368,ENST00000288098,synonymous_variant,LOW,,stop_gained
rs4985556,MTSS2,ENSG00000132613,ENST00000338779,downstream_gene_variant,MODIFIER,1107.0,stop_gained
rs4985556,IL34,ENSG00000157368,ENST00000429149,stop_gained,HIGH,,stop_gained
rs4985556,IL34,ENSG00000157368,ENST00000429149,synonymous_variant,LOW,,stop_gained
rs4985556,IL34,ENSG00000157368,ENST00000566361,stop_gained,HIGH,,stop_gained
rs4985556,IL34,ENSG00000157368,ENST00000566361,synonymous_variant,LOW,,stop_gained
rs4985556,IL34,ENSG00000157368,ENST00000569641,downstream_gene_variant,MODIFIER,3426.0,stop_gained
rs4985556,IL34,ENSG00000157368,ENST00000574181,downstream_gene_variant,MODIFIER,2740.0,stop_gained
rs4985556,,ENSG00000279569,ENST00000623414,upstream_gene_variant,MODIFIER,1570.0,stop_gained
rs4985556,IL34,ENSG00000157368,ENST00000877106,stop_gained,HIGH,,stop_gained
rs4985556,IL34,ENSG00000157368,ENST00000877106,synonymous_variant,LOW,,stop_gained
rs4985556,IL34,ENSG00000157368,ENST00000877107,stop_gained,HIGH,,stop_gained
rs4985556,IL34,ENSG00000157368,ENST00000877107,synonymous_variant,LOW,,stop_gained
rs4985556,IL34,ENSG00000157368,ENST00000877108,stop_gained,HIGH,,stop_gained
rs4985556,IL34,ENSG00000157368,ENST00000877108,synonymous_variant,LOW,,stop_gained
rs4985556,IL34,ENSG00000157368,ENST00000877109,stop_gained,HIGH,,stop_gained
rs4985556,IL34,ENSG00000157368,ENST00000877109,synonymous_variant,LOW,,stop_gained
rs4985556,IL34,ENSG00000157368,ENST00000877110,stop_gained,HIGH,,stop_gained
rs4985556,IL34,ENSG00000157368,ENST00000877110,synonymous_variant,LOW,,stop_gained
rs4985556,IL34,ENSG00000157368,ENST00000913509,stop_gained,HIGH,,stop_gained
rs4985556,IL34,ENSG00000157368,ENST00000913509,synonymous_variant,LOW,,stop_gained
rs4985556,IL34,ENSG00000157368,ENST00000913510,stop_gained,HIGH,,stop_gained
rs4985556,IL34,ENSG00000157368,ENST00000913510,synonymous_variant,LOW,,stop_gained
rs4985556,IL34,ENSG00000157368,ENST00000913511,stop_gained,HIGH,,stop_gained
rs4985556,IL34,ENSG00000157368,ENST00000913511,synonymous_variant,LOW,,stop_gained
rs4985556,IL34,ENSG00000157368,ENST00000913512,stop_gained,HIGH,,stop_gained
rs4985556,IL34,ENSG00000157368,ENST00000913512,synonymous_variant,LOW,,stop_gained
rs4985556,IL34,ENSG00000157368,ENST00000953393,stop_gained,HIGH,,stop_gained
rs4985556,IL34,ENSG00000157368,ENST00000953393,synonymous_variant,LOW,,stop_gained
rs4985556,IL34,ENSG00000157368,ENST00000953394,stop_gained,HIGH,,stop_gained
rs4985556,IL34,ENSG00000157368,ENST00000953394,synonymous_variant,LOW,,stop_gained
rs4985556,IL34,ENSG00000157368,ENST00000953395,stop_gained,HIGH,,stop_gained
rs4985556,IL34,ENSG00000157368,ENST00000953395,synonymous_variant,LOW,,stop_gained
rs4985556,IL34,ENSG00000157368,ENST00001134277,stop_gained,HIGH,,stop_gained
rs4985556,IL34,ENSG00000157368,ENST00001134277,synonymous_variant,LOW,,stop_gained
rs4985556,MTSS2,ENSG00000132613,ENST00001134985,downstream_gene_variant,MODIFIER,1107.0,stop_gained
rs889555,BCKDK,ENSG00000103507,ENST00000219794,intron_variant,MODIFIER,,intron_variant
rs889555,BCKDK,ENSG00000103507,ENST00000287507,intron_variant,MODIFIER,,intron_variant
rs889555,BCKDK,ENSG00000103507,ENST00000394950,intron_variant,MODIFIER,,intron_variant
rs889555,BCKDK,ENSG00000103507,ENST00000394951,intron_variant,MODIFIER,,intron_variant
rs889555,BCKDK,ENSG00000103507,ENST00000484226,downstream_gene_variant,MODIFIER,528.0,intron_variant
rs889555,KAT8,ENSG00000103510,ENST00000543774,upstream_gene_variant,MODIFIER,4504.0,intron_variant
rs889555,BCKDK,ENSG00000103507,ENST00000561755,downstream_gene_variant,MODIFIER,1847.0,intron_variant
rs889555,BCKDK,ENSG00000103507,ENST00000566568,"intron_variant,non_coding_transcript_variant",MODIFIER,,intron_variant
rs889555,BCKDK,ENSG00000103507,ENST00000567530,"intron_variant,NMD_transcript_variant",MODIFIER,,intron_variant
rs889555,BCKDK,ENSG00000103507,ENST00000567676,downstream_gene_variant,MODIFIER,1671.0,intron_variant
rs889555,BCKDK,ENSG00000103507,ENST00000567682,upstream_gene_variant,MODIFIER,118.0,intron_variant
rs889555,KAT8,ENSG00000103510,ENST00000652764,upstream_gene_variant,MODIFIER,3239.0,intron_variant
rs889555,BCKDK,ENSG00000103507,ENST00000859428,intron_variant,MODIFIER,,intron_variant
rs889555,BCKDK,ENSG00000103507,ENST00000859429,intron_variant,MODIFIER,,intron_variant
rs889555,BCKDK,ENSG00000103507,ENST00000859430,intron_variant,MODIFIER,,intron_variant
rs889555,BCKDK,ENSG00000103507,ENST00000859431,intron_variant,MODIFIER,,intron_variant
rs889555,BCKDK,ENSG00000103507,ENST00000859432,intron_variant,MODIFIER,,intron_variant
rs889555,BCKDK,ENSG00000103507,ENST00000859433,intron_variant,MODIFIER,,intron_variant
rs889555,BCKDK,ENSG00000103507,ENST00000859434,intron_variant,MODIFIER,,intron_variant
rs889555,BCKDK,ENSG00000103507,ENST00000859435,intron_variant,MODIFIER,,intron_variant
rs889555,BCKDK,ENSG00000103507,ENST00000859436,intron_variant,MODIFIER,,intron_variant
rs889555,BCKDK,ENSG00000103507,ENST00000859437,intron_variant,MODIFIER,,intron_variant
rs889555,BCKDK,ENSG00000103507,ENST00000913319,intron_variant,MODIFIER,,intron_variant
rs889555,BCKDK,ENSG00000103507,ENST00000950482,intron_variant,MODIFIER,,intron_variant
rs889555,BCKDK,ENSG00000103507,ENST00000950483,intron_variant,MODIFIER,,intron_variant
rs889555,BCKDK,ENSG00000103507,ENST00001001008,"intron_variant,NMD_transcript_variant",MODIFIER,,intron_variant
rs889555,BCKDK,ENSG00000103507,ENST00001001009,"intron_variant,NMD_transcript_variant",MODIFIER,,intron_variant
rs889555,BCKDK,ENSG00000103507,ENST00001001010,intron_variant,MODIFIER,,intron_variant
rs889555,BCKDK,ENSG00000103507,ENST00001001012,"intron_variant,NMD_transcript_variant",MODIFIER,,intron_variant
rs889555,BCKDK,ENSG00000103507,ENST00001001013,"intron_variant,NMD_transcript_variant",MODIFIER,,intron_variant
rs889555,BCKDK,ENSG00000103507,ENST00001001014,"intron_variant,NMD_transcript_variant",MODIFIER,,intron_variant
rs889555,BCKDK,ENSG00000103507,ENST00001001015,intron_variant,MODIFIER,,intron_variant
rs889555,BCKDK,ENSG00000103507,ENST00001001016,"intron_variant,NMD_transcript_variant",MODIFIER,,intron_variant
rs889555,BCKDK,ENSG00000103507,ENST00001051060,"intron_variant,NMD_transcript_variant",MODIFIER,,intron_variant
rs889555,BCKDK,ENSG00000103507,ENST00001051064,"intron_variant,NMD_transcript_variant",MODIFIER,,intron_variant
rs889555,BCKDK,ENSG00000103507,ENST00001051065,"intron_variant,NMD_transcript_variant",MODIFIER,,intron_variant
rs889555,BCKDK,ENSG00000103507,ENST00001051070,"intron_variant,NMD_transcript_variant",MODIFIER,,intron_variant
rs889555,BCKDK,ENSG00000103507,ENST00001051072,"intron_variant,NMD_transcript_variant",MODIFIER,,intron_variant
rs889555,BCKDK,ENSG00000103507,ENST00001113087,"intron_variant,NMD_transcript_variant",MODIFIER,,intron_variant
rs889555,BCKDK,ENSG00000103507,ENST00001119153,intron_variant,MODIFIER,,intron_variant
rs889555,BCKDK,ENSG00000103507,ENST00001137629,intron_variant,MODIFIER,,intron_variant
rs1140239,INO80E,ENSG00000169592,ENST00000304516,downstream_gene_variant,MODIFIER,4287.0,missense_variant
rs1140239,DOC2A,ENSG00000149927,ENST00000350119,missense_variant,MODERATE,,missense_variant
rs1140239,INO80E,ENSG00000169592,ENST00000540562,downstream_gene_variant,MODIFIER,4291.0,missense_variant
rs1140239,DOC2A,ENSG00000149927,ENST00000561671,"intron_variant,NMD_transcript_variant",MODIFIER,,missense_variant
rs1140239,INO80E,ENSG00000169592,ENST00000562291,downstream_gene_variant,MODIFIER,4646.0,missense_variant
rs1140239,INO80E,ENSG00000169592,ENST00000562441,downstream_gene_variant,MODIFIER,4319.0,missense_variant
rs1140239,DOC2A,ENSG00000149927,ENST00000563125,intron_variant,MODIFIER,,missense_variant
rs1140239,INO80E,ENSG00000169592,ENST00000563197,downstream_gene_variant,MODIFIER,4290.0,missense_variant
rs1140239,DOC2A,ENSG00000149927,ENST00000563378,missense_variant,MODERATE,,missense_variant
rs1140239,DOC2A,ENSG00000149927,ENST00000564075,downstream_gene_variant,MODIFIER,4889.0,missense_variant
rs1140239,DOC2A,ENSG00000149927,ENST00000564233,non_coding_transcript_exon_variant,MODIFIER,,missense_variant
rs1140239,DOC2A,ENSG00000149927,ENST00000564357,upstream_gene_variant,MODIFIER,2828.0,missense_variant
rs1140239,DOC2A,ENSG00000149927,ENST00000564944,missense_variant,MODERATE,,missense_variant
rs1140239,DOC2A,ENSG00000149927,ENST00000564979,missense_variant,MODERATE,,missense_variant
rs1140239,DOC2A,ENSG00000149927,ENST00000565273,missense_variant,MODERATE,,missense_variant
rs1140239,DOC2A,ENSG00000149927,ENST00000566310,"intron_variant,NMD_transcript_variant",MODIFIER,,missense_variant
rs1140239,DOC2A,ENSG00000149927,ENST00000566456,"intron_variant,non_coding_transcript_variant",MODIFIER,,missense_variant
rs1140239,INO80E,ENSG00000169592,ENST00000567065,downstream_gene_variant,MODIFIER,4758.0,missense_variant
rs1140239,DOC2A,ENSG00000149927,ENST00000567332,intron_variant,MODIFIER,,missense_variant
rs1140239,INO80E,ENSG00000169592,ENST00000567705,downstream_gene_variant,MODIFIER,4287.0,missense_variant
rs1140239,DOC2A,ENSG00000149927,ENST00000567824,downstream_gene_variant,MODIFIER,2183.0,missense_variant
rs1140239,INO80E,ENSG00000169592,ENST00000567987,downstream_gene_variant,MODIFIER,4288.0,missense_variant
rs1140239,INO80E,ENSG00000169592,ENST00000569957,downstream_gene_variant,MODIFIER,4307.0,missense_variant
rs1140239,DOC2A,ENSG00000149927,ENST00000570194,downstream_gene_variant,MODIFIER,838.0,missense_variant
rs1140239,DOC2A,ENSG00000149927,ENST00000574405,intron_variant,MODIFIER,,missense_variant
rs1140239,DOC2A,ENSG00000149927,ENST00000616445,missense_variant,MODERATE,,missense_variant
rs1140239,INO80E,ENSG00000169592,ENST00000861522,downstream_gene_variant,MODIFIER,4287.0,missense_variant
rs1140239,INO80E,ENSG00000169592,ENST00000861523,downstream_gene_variant,MODIFIER,4287.0,missense_variant
rs1140239,INO80E,ENSG00000169592,ENST00000861524,downstream_gene_variant,MODIFIER,4287.0,missense_variant
rs1140239,INO80E,ENSG00000169592,ENST00000861525,downstream_gene_variant,MODIFIER,4287.0,missense_variant
rs1140239,INO80E,ENSG00000169592,ENST00000861526,downstream_gene_variant,MODIFIER,4287.0,missense_variant
rs1140239,DOC2A,ENSG00000149927,ENST00000861623,missense_variant,MODERATE,,missense_variant
rs1140239,DOC2A,ENSG00000149927,ENST00000861624,missense_variant,MODERATE,,missense_variant
rs1140239,DOC2A,ENSG00000149927,ENST00000861625,missense_variant,MODERATE,,missense_variant
rs1140239,DOC2A,ENSG00000149927,ENST00000861626,missense_variant,MODERATE,,missense_variant
rs1140239,DOC2A,ENSG00000149927,ENST00000861627,missense_variant,MODERATE,,missense_variant
rs1140239,DOC2A,ENSG00000149927,ENST00000861628,missense_variant,MODERATE,,missense_variant
rs1140239,DOC2A,ENSG00000149927,ENST00000861629,missense_variant,MODERATE,,missense_variant
rs1140239,DOC2A,ENSG00000149927,ENST00000861630,missense_variant,MODERATE,,missense_variant
rs1140239,DOC2A,ENSG00000149927,ENST00000861631,missense_variant,MODERATE,,missense_variant
rs1140239,DOC2A,ENSG00000149927,ENST00000861632,missense_variant,MODERATE,,missense_variant
rs1140239,DOC2A,ENSG00000149927,ENST00000861633,missense_variant,MODERATE,,missense_variant
rs1140239,DOC2A,ENSG00000149927,ENST00000934550,missense_variant,MODERATE,,missense_variant
rs1140239,DOC2A,ENSG00000149927,ENST00000934551,missense_variant,MODERATE,,missense_variant
rs1140239,DOC2A,ENSG00000149927,ENST00000934552,missense_variant,MODERATE,,missense_variant
rs1140239,DOC2A,ENSG00000149927,ENST00000934553,missense_variant,MODERATE,,missense_variant
rs1140239,DOC2A,ENSG00000149927,ENST00000934554,missense_variant,MODERATE,,missense_variant
rs1140239,DOC2A,ENSG00000149927,ENST00000934555,missense_variant,MODERATE,,missense_variant
rs1140239,DOC2A,ENSG00000149927,ENST00000934556,missense_variant,MODERATE,,missense_variant
rs1140239,DOC2A,ENSG00000149927,ENST00000934557,missense_variant,MODERATE,,missense_variant
rs1140239,DOC2A,ENSG00000149927,ENST00000934558,missense_variant,MODERATE,,missense_variant
rs1140239,DOC2A,ENSG00000149927,ENST00000934559,missense_variant,MODERATE,,missense_variant
rs1140239,DOC2A,ENSG00000149927,ENST00000934560,missense_variant,MODERATE,,missense_variant
rs1140239,DOC2A,ENSG00000149927,ENST00000934561,missense_variant,MODERATE,,missense_variant
rs1140239,DOC2A,ENSG00000149927,ENST00000934562,missense_variant,MODERATE,,missense_variant
rs1140239,INO80E,ENSG00000169592,ENST00000934710,downstream_gene_variant,MODIFIER,4288.0,missense_variant
rs1140239,INO80E,ENSG00000169592,ENST00000934711,downstream_gene_variant,MODIFIER,4287.0,missense_variant
rs1140239,INO80E,ENSG00000169592,ENST00000934712,downstream_gene_variant,MODIFIER,4290.0,missense_variant
rs1140239,INO80E,ENSG00000169592,ENST00000934713,downstream_gene_variant,MODIFIER,4287.0,missense_variant
rs1140239,DOC2A,ENSG00000149927,ENST00000970451,missense_variant,MODERATE,,missense_variant
rs1140239,DOC2A,ENSG00000149927,ENST00000970452,missense_variant,MODERATE,,missense_variant
rs1140239,DOC2A,ENSG00000149927,ENST00000970453,missense_variant,MODERATE,,missense_variant
rs1140239,DOC2A,ENSG00000149927,ENST00000970454,missense_variant,MODERATE,,missense_variant
rs1140239,DOC2A,ENSG00000149927,ENST00000970455,missense_variant,MODERATE,,missense_variant
rs1140239,DOC2A,ENSG00000149927,ENST00000970456,missense_variant,MODERATE,,missense_variant
rs1140239,DOC2A,ENSG00000149927,ENST00000970457,missense_variant,MODERATE,,missense_variant
rs1140239,DOC2A,ENSG00000149927,ENST00000970458,missense_variant,MODERATE,,missense_variant
rs1140239,DOC2A,ENSG00000149927,ENST00000970459,missense_variant,MODERATE,,missense_variant
rs1140239,DOC2A,ENSG00000149927,ENST00000970460,missense_variant,MODERATE,,missense_variant
rs1140239,DOC2A,ENSG00000149927,ENST00000970461,missense_variant,MODERATE,,missense_variant
rs1140239,DOC2A,ENSG00000149927,ENST00000970462,missense_variant,MODERATE,,missense_variant
rs1140239,INO80E,ENSG00000169592,ENST00000988993,downstream_gene_variant,MODIFIER,4287.0,missense_variant
rs1140239,INO80E,ENSG00000169592,ENST00000988994,downstream_gene_variant,MODIFIER,4288.0,missense_variant
rs1140239,INO80E,ENSG00000169592,ENST00000988995,downstream_gene_variant,MODIFIER,4290.0,missense_variant
rs1140239,DOC2A,ENSG00000149927,ENST00001051675,missense_variant,MODERATE,,missense_variant
rs1140239,DOC2A,ENSG00000149927,ENST00001051676,missense_variant,MODERATE,,missense_variant
rs1140239,INO80E,ENSG00000169592,ENST00001064110,downstream_gene_variant,MODIFIER,4287.0,missense_variant
rs1140239,INO80E,ENSG00000169592,ENST00001064111,downstream_gene_variant,MODIFIER,4290.0,missense_variant
rs1140239,INO80E,ENSG00000169592,ENST00001064112,downstream_gene_variant,MODIFIER,4290.0,missense_variant
rs1140239,INO80E,ENSG00000169592,ENST00001064113,downstream_gene_variant,MODIFIER,4287.0,missense_variant
rs1140239,INO80E,ENSG00000169592,ENST00001064114,downstream_gene_variant,MODIFIER,4288.0,missense_variant
rs1140239,INO80E,ENSG00000169592,ENST00001064115,downstream_gene_variant,MODIFIER,4291.0,missense_variant
rs1140239,INO80E,ENSG00000169592,ENST00001064116,downstream_gene_variant,MODIFIER,4290.0,missense_variant
rs1140239,INO80E,ENSG00000169592,ENST00001064117,downstream_gene_variant,MODIFIER,4290.0,missense_variant
rs1140239,INO80E,ENSG00000169592,ENST00001064118,downstream_gene_variant,MODIFIER,4290.0,missense_variant
rs1140239,INO80E,ENSG00000169592,ENST00001064119,downstream_gene_variant,MODIFIER,4290.0,missense_variant
rs1140239,INO80E,ENSG00000169592,ENST00001064121,downstream_gene_variant,MODIFIER,4291.0,missense_variant
rs1140239,INO80E,ENSG00000169592,ENST00001064122,downstream_gene_variant,MODIFIER,4290.0,missense_variant
rs1140239,INO80E,ENSG00000169592,ENST00001064123,downstream_gene_variant,MODIFIER,4292.0,missense_variant
rs1140239,INO80E,ENSG00000169592,ENST00001064124,downstream_gene_variant,MODIFIER,4290.0,missense_variant
rs1140239,INO80E,ENSG00000169592,ENST00001090479,downstream_gene_variant,MODIFIER,4287.0,missense_variant
rs1140239,INO80E,ENSG00000169592,ENST00001090480,downstream_gene_variant,MODIFIER,4287.0,missense_variant
rs1140239,INO80E,ENSG00000169592,ENST00001125596,downstream_gene_variant,MODIFIER,4290.0,missense_variant
rs1140239,INO80E,ENSG00000169592,ENST00001133518,downstream_gene_variant,MODIFIER,4287.0,missense_variant
rs1140239,DOC2A,ENSG00000149927,ENST00001135541,missense_variant,MODERATE,,missense_variant
rs12592898,CTSH,ENSG00000103811,ENST00000220166,intron_variant,MODIFIER,,intron_variant
rs12592898,CTSH,ENSG00000103811,ENST00000525807,"intron_variant,NMD_transcript_variant",MODIFIER,,intron_variant
rs12592898,CTSH,ENSG00000103811,ENST00000527138,upstream_gene_variant,MODIFIER,4327.0,intron_variant
rs12592898,CTSH,ENSG00000103811,ENST00000527715,"intron_variant,non_coding_transcript_variant",MODIFIER,,intron_variant
rs12592898,CTSH,ENSG00000103811,ENST00000528191,"intron_variant,NMD_transcript_variant",MODIFIER,,intron_variant
rs12592898,CTSH,ENSG00000103811,ENST00000528436,downstream_gene_variant,MODIFIER,1898.0,intron_variant
rs12592898,CTSH,ENSG00000103811,ENST00000528741,intron_variant,MODIFIER,,intron_variant
rs12592898,CTSH,ENSG00000103811,ENST00000529263,"intron_variant,non_coding_transcript_variant",MODIFIER,,intron_variant
rs12592898,CTSH,ENSG00000103811,ENST00000529612,"intron_variant,non_coding_transcript_variant",MODIFIER,,intron_variant
rs12592898,CTSH,ENSG00000103811,ENST00000529861,"intron_variant,NMD_transcript_variant",MODIFIER,,intron_variant
rs12592898,CTSH,ENSG00000103811,ENST00000530010,"intron_variant,non_coding_transcript_variant",MODIFIER,,intron_variant
rs12592898,CTSH,ENSG00000103811,ENST00000530929,"intron_variant,non_coding_transcript_variant",MODIFIER,,intron_variant
rs12592898,CTSH,ENSG00000103811,ENST00000533777,"intron_variant,NMD_transcript_variant",MODIFIER,,intron_variant
rs12592898,CTSH,ENSG00000103811,ENST00000534038,"intron_variant,non_coding_transcript_variant",MODIFIER,,intron_variant
rs12592898,CTSH,ENSG00000103811,ENST00000534237,upstream_gene_variant,MODIFIER,4217.0,intron_variant
rs12592898,CTSH,ENSG00000103811,ENST00000534268,"intron_variant,non_coding_transcript_variant",MODIFIER,,intron_variant
rs12592898,CTSH,ENSG00000103811,ENST00000534533,"intron_variant,non_coding_transcript_variant",MODIFIER,,intron_variant
rs12592898,CTSH,ENSG00000103811,ENST00000615999,intron_variant,MODIFIER,,intron_variant
rs12592898,CTSH,ENSG00000103811,ENST00000649928,"intron_variant,NMD_transcript_variant",MODIFIER,,intron_variant
rs12592898,CTSH,ENSG00000103811,ENST00000676510,"intron_variant,NMD_transcript_variant",MODIFIER,,intron_variant
rs12592898,CTSH,ENSG00000103811,ENST00000676596,"intron_variant,NMD_transcript_variant",MODIFIER,,intron_variant
rs12592898,CTSH,ENSG00000103811,ENST00000676639,"intron_variant,NMD_transcript_variant",MODIFIER,,intron_variant
rs12592898,CTSH,ENSG00000103811,ENST00000676668,upstream_gene_variant,MODIFIER,3336.0,intron_variant
rs12592898,CTSH,ENSG00000103811,ENST00000676671,"intron_variant,non_coding_transcript_variant",MODIFIER,,intron_variant
rs12592898,CTSH,ENSG00000103811,ENST00000676738,upstream_gene_variant,MODIFIER,3863.0,intron_variant
rs12592898,CTSH,ENSG00000103811,ENST00000676763,"intron_variant,NMD_transcript_variant",MODIFIER,,intron_variant
rs12592898,CTSH,ENSG00000103811,ENST00000676808,"intron_variant,NMD_transcript_variant",MODIFIER,,intron_variant
rs12592898,CTSH,ENSG00000103811,ENST00000676850,intron_variant,MODIFIER,,intron_variant
rs12592898,CTSH,ENSG00000103811,ENST00000676865,"intron_variant,non_coding_transcript_variant",MODIFIER,,intron_variant
rs12592898,CTSH,ENSG00000103811,ENST00000676880,intron_variant,MODIFIER,,intron_variant
rs12592898,CTSH,ENSG00000103811,ENST00000677011,intron_variant,MODIFIER,,intron_variant
rs12592898,CTSH,ENSG00000103811,ENST00000677049,upstream_gene_variant,MODIFIER,3394.0,intron_variant
rs12592898,CTSH,ENSG00000103811,ENST00000677102,upstream_gene_variant,MODIFIER,3802.0,intron_variant
rs12592898,CTSH,ENSG00000103811,ENST00000677207,intron_variant,MODIFIER,,intron_variant
rs12592898,CTSH,ENSG00000103811,ENST00000677238,"intron_variant,non_coding_transcript_variant",MODIFIER,,intron_variant
rs12592898,CTSH,ENSG00000103811,ENST00000677254,"intron_variant,non_coding_transcript_variant",MODIFIER,,intron_variant
rs12592898,CTSH,ENSG00000103811,ENST00000677316,intron_variant,MODIFIER,,intron_variant
rs12592898,CTSH,ENSG00000103811,ENST00000677320,"intron_variant,NMD_transcript_variant",MODIFIER,,intron_variant
rs12592898,CTSH,ENSG00000103811,ENST00000677367,"intron_variant,non_coding_transcript_variant",MODIFIER,,intron_variant
rs12592898,CTSH,ENSG00000103811,ENST00000677448,"intron_variant,non_coding_transcript_variant",MODIFIER,,intron_variant
rs12592898,CTSH,ENSG00000103811,ENST00000677534,intron_variant,MODIFIER,,intron_variant
rs12592898,CTSH,ENSG00000103811,ENST00000677789,intron_variant,MODIFIER,,intron_variant
rs12592898,CTSH,ENSG00000103811,ENST00000677810,intron_variant,MODIFIER,,intron_variant
rs12592898,CTSH,ENSG00000103811,ENST00000677874,"intron_variant,NMD_transcript_variant",MODIFIER,,intron_variant
rs12592898,CTSH,ENSG00000103811,ENST00000677921,"intron_variant,NMD_transcript_variant",MODIFIER,,intron_variant
rs12592898,CTSH,ENSG00000103811,ENST00000677936,intron_variant,MODIFIER,,intron_variant
rs12592898,CTSH,ENSG00000103811,ENST00000678031,"intron_variant,NMD_transcript_variant",MODIFIER,,intron_variant
rs12592898,CTSH,ENSG00000103811,ENST00000678033,upstream_gene_variant,MODIFIER,3712.0,intron_variant
rs12592898,CTSH,ENSG00000103811,ENST00000678114,upstream_gene_variant,MODIFIER,4804.0,intron_variant
rs12592898,CTSH,ENSG00000103811,ENST00000678281,"intron_variant,NMD_transcript_variant",MODIFIER,,intron_variant
rs12592898,CTSH,ENSG00000103811,ENST00000678283,"intron_variant,NMD_transcript_variant",MODIFIER,,intron_variant
rs12592898,CTSH,ENSG00000103811,ENST00000678397,upstream_gene_variant,MODIFIER,2750.0,intron_variant
rs12592898,CTSH,ENSG00000103811,ENST00000678415,"intron_variant,NMD_transcript_variant",MODIFIER,,intron_variant
rs12592898,CTSH,ENSG00000103811,ENST00000678487,"intron_variant,NMD_transcript_variant",MODIFIER,,intron_variant
rs12592898,CTSH,ENSG00000103811,ENST00000678644,intron_variant,MODIFIER,,intron_variant
rs12592898,CTSH,ENSG00000103811,ENST00000678727,"intron_variant,NMD_transcript_variant",MODIFIER,,intron_variant
rs12592898,CTSH,ENSG00000103811,ENST00000678799,"intron_variant,NMD_transcript_variant",MODIFIER,,intron_variant
rs12592898,CTSH,ENSG00000103811,ENST00000678817,upstream_gene_variant,MODIFIER,3599.0,intron_variant
rs12592898,CTSH,ENSG00000103811,ENST00000678841,"intron_variant,non_coding_transcript_variant",MODIFIER,,intron_variant
rs12592898,CTSH,ENSG00000103811,ENST00000678886,"intron_variant,NMD_transcript_variant",MODIFIER,,intron_variant
rs12592898,CTSH,ENSG00000103811,ENST00000678940,"intron_variant,non_coding_transcript_variant",MODIFIER,,intron_variant
rs12592898,CTSH,ENSG00000103811,ENST00000679017,"intron_variant,NMD_transcript_variant",MODIFIER,,intron_variant
rs12592898,CTSH,ENSG00000103811,ENST00000679047,"intron_variant,NMD_transcript_variant",MODIFIER,,intron_variant
rs12592898,CTSH,ENSG00000103811,ENST00000679125,upstream_gene_variant,MODIFIER,3849.0,intron_variant
rs12592898,CTSH,ENSG00000103811,ENST00000679172,"intron_variant,NMD_transcript_variant",MODIFIER,,intron_variant
rs12592898,CTSH,ENSG00000103811,ENST00000679211,"intron_variant,NMD_transcript_variant",MODIFIER,,intron_variant
rs12592898,CTSH,ENSG00000103811,ENST00000679334,"intron_variant,NMD_transcript_variant",MODIFIER,,intron_variant
rs12592898,CTSH,ENSG00000103811,ENST00000906226,intron_variant,MODIFIER,,intron_variant
rs12592898,CTSH,ENSG00000103811,ENST00000906227,intron_variant,MODIFIER,,intron_variant
rs12592898,CTSH,ENSG00000103811,ENST00000906228,intron_variant,MODIFIER,,intron_variant
rs12592898,CTSH,ENSG00000103811,ENST00000906229,intron_variant,MODIFIER,,intron_variant
rs12592898,CTSH,ENSG00000103811,ENST00000969896,intron_variant,MODIFIER,,intron_variant
rs12592898,CTSH,ENSG00000103811,ENST00000969897,intron_variant,MODIFIER,,intron_variant
rs12592898,CTSH,ENSG00000103811,ENST00000980396,"intron_variant,NMD_transcript_variant",MODIFIER,,intron_variant
rs12592898,CTSH,ENSG00000103811,ENST00000980397,"intron_variant,NMD_transcript_variant",MODIFIER,,intron_variant
rs12592898,CTSH,ENSG00000103811,ENST00000980398,"intron_variant,NMD_transcript_variant",MODIFIER,,intron_variant
rs12592898,CTSH,ENSG00000103811,ENST00000980400,"intron_variant,NMD_transcript_variant",MODIFIER,,intron_variant
rs12592898,CTSH,ENSG00000103811,ENST00000980401,"intron_variant,NMD_transcript_variant",MODIFIER,,intron_variant
rs12592898,CTSH,ENSG00000103811,ENST00000980402,"intron_variant,NMD_transcript_variant",MODIFIER,,intron_variant
rs12592898,CTSH,ENSG00000103811,ENST00000980403,"intron_variant,NMD_transcript_variant",MODIFIER,,intron_variant
rs12592898,CTSH,ENSG00000103811,ENST00001032359,"intron_variant,NMD_transcript_variant",MODIFIER,,intron_variant
rs12592898,CTSH,ENSG00000103811,ENST00001032360,intron_variant,MODIFIER,,intron_variant
rs12592898,CTSH,ENSG00000103811,ENST00001032361,"intron_variant,NMD_transcript_variant",MODIFIER,,intron_variant
rs12592898,CTSH,ENSG00000103811,ENST00001032363,"intron_variant,NMD_transcript_variant",MODIFIER,,intron_variant
rs12592898,CTSH,ENSG00000103811,ENST00001032364,"intron_variant,NMD_transcript_variant",MODIFIER,,intron_variant
rs12592898,CTSH,ENSG00000103811,ENST00001032365,"intron_variant,NMD_transcript_variant",MODIFIER,,intron_variant
rs12592898,CTSH,ENSG00000103811,ENST00001032366,"intron_variant,NMD_transcript_variant",MODIFIER,,intron_variant
rs12592898,CTSH,ENSG00000103811,ENST00001032367,"intron_variant,NMD_transcript_variant",MODIFIER,,intron_variant
rs12592898,CTSH,ENSG00000103811,ENST00001032369,"intron_variant,NMD_transcript_variant",MODIFIER,,intron_variant
rs12592898,CTSH,ENSG00000103811,ENST00001032370,"intron_variant,NMD_transcript_variant",MODIFIER,,intron_variant
rs12592898,CTSH,ENSG00000103811,ENST00001032371,"intron_variant,NMD_transcript_variant",MODIFIER,,intron_variant
rs12592898,CTSH,ENSG00000103811,ENST00001032373,"intron_variant,NMD_transcript_variant",MODIFIER,,intron_variant
rs12592898,CTSH,ENSG00000103811,ENST00001032374,"intron_variant,NMD_transcript_variant",MODIFIER,,intron_variant
rs12592898,CTSH,ENSG00000103811,ENST00001032375,"intron_variant,NMD_transcript_variant",MODIFIER,,intron_variant
rs12592898,CTSH,ENSG00000103811,ENST00001032376,"intron_variant,NMD_transcript_variant",MODIFIER,,intron_variant
rs12592898,CTSH,ENSG00000103811,ENST00001032377,"intron_variant,NMD_transcript_variant",MODIFIER,,intron_variant
rs12592898,CTSH,ENSG00000103811,ENST00001121542,intron_variant,MODIFIER,,intron_variant
rs12592898,CTSH,ENSG00000103811,ENST00001121543,"intron_variant,NMD_transcript_variant",MODIFIER,,intron_variant
rs12592898,CTSH,ENSG00000103811,ENST00001127403,"intron_variant,NMD_transcript_variant",MODIFIER,,intron_variant
rs12592898,CTSH,ENSG00000103811,ENST00001127404,"intron_variant,NMD_transcript_variant",MODIFIER,,intron_variant
rs12592898,CTSH,ENSG00000103811,ENST00001127405,"intron_variant,NMD_transcript_variant",MODIFIER,,intron_variant
rs12592898,CTSH,ENSG00000103811,ENST00001127406,"intron_variant,NMD_transcript_variant",MODIFIER,,intron_variant
rs12592898,CTSH,ENSG00000103811,ENST00001136626,intron_variant,MODIFIER,,intron_variant
rs3848143,SNX1,ENSG00000028528,ENST00000261889,intron_variant,MODIFIER,,intron_variant
rs3848143,SNX1,ENSG00000028528,ENST00000380285,"intron_variant,NMD_transcript_variant",MODIFIER,,intron_variant
rs3848143,SNX1,ENSG00000028528,ENST00000558040,intron_variant,MODIFIER,,intron_variant
rs3848143,SNX1,ENSG00000028528,ENST00000559339,upstream_gene_variant,MODIFIER,522.0,intron_variant
rs3848143,SNX1,ENSG00000028528,ENST00000559401,upstream_gene_variant,MODIFIER,316.0,intron_variant
rs3848143,SNX1,ENSG00000028528,ENST00000559844,intron_variant,MODIFIER,,intron_variant
rs3848143,SNX1,ENSG00000028528,ENST00000559961,upstream_gene_variant,MODIFIER,2869.0,intron_variant
rs3848143,SNX1,ENSG00000028528,ENST00000560260,"intron_variant,NMD_transcript_variant",MODIFIER,,intron_variant
rs3848143,SNX1,ENSG00000028528,ENST00000560829,intron_variant,MODIFIER,,intron_variant
rs3848143,SNX1,ENSG00000028528,ENST00000561026,intron_variant,MODIFIER,,intron_variant
rs3848143,SNX1,ENSG00000028528,ENST00000909216,intron_variant,MODIFIER,,intron_variant
rs3848143,SNX1,ENSG00000028528,ENST00000909217,intron_variant,MODIFIER,,intron_variant
rs3848143,SNX1,ENSG00000028528,ENST00000909218,intron_variant,MODIFIER,,intron_variant
rs3848143,SNX1,ENSG00000028528,ENST00000909219,intron_variant,MODIFIER,,intron_variant
rs3848143,SNX1,ENSG00000028528,ENST00000909220,intron_variant,MODIFIER,,intron_variant
rs3848143,SNX1,ENSG00000028528,ENST00000955626,intron_variant,MODIFIER,,intron_variant
rs3848143,SNX1,ENSG00000028528,ENST00000955627,intron_variant,MODIFIER,,intron_variant
rs3848143,SNX1,ENSG00000028528,ENST00000977566,"intron_variant,NMD_transcript_variant",MODIFIER,,intron_variant
rs3848143,SNX1,ENSG00000028528,ENST00000977567,"intron_variant,NMD_transcript_variant",MODIFIER,,intron_variant
rs3848143,SNX1,ENSG00000028528,ENST00000977568,"intron_variant,NMD_transcript_variant",MODIFIER,,intron_variant
rs3848143,SNX1,ENSG00000028528,ENST00000977570,"intron_variant,NMD_transcript_variant",MODIFIER,,intron_variant
rs3848143,SNX1,ENSG00000028528,ENST00000977571,intron_variant,MODIFIER,,intron_variant
rs3848143,SNX1,ENSG00000028528,ENST00000977572,"intron_variant,NMD_transcript_variant",MODIFIER,,intron_variant
rs3848143,SNX1,ENSG00000028528,ENST00000977573,"intron_variant,NMD_transcript_variant",MODIFIER,,intron_variant
rs3848143,SNX1,ENSG00000028528,ENST00000977574,"intron_variant,NMD_transcript_variant",MODIFIER,,intron_variant
rs3848143,SNX1,ENSG00000028528,ENST00000977576,"intron_variant,NMD_transcript_variant",MODIFIER,,intron_variant
rs3848143,SNX1,ENSG00000028528,ENST00000977577,"intron_variant,NMD_transcript_variant",MODIFIER,,intron_variant
rs3848143,SNX1,ENSG00000028528,ENST00000977578,"intron_variant,NMD_transcript_variant",MODIFIER,,intron_variant
rs3848143,SNX1,ENSG00000028528,ENST00000977579,"intron_variant,NMD_transcript_variant",MODIFIER,,intron_variant
rs3848143,SNX1,ENSG00000028528,ENST00000977580,"intron_variant,NMD_transcript_variant",MODIFIER,,intron_variant
rs3848143,SNX1,ENSG00000028528,ENST00001021181,intron_variant,MODIFIER,,intron_variant
rs3848143,SNX1,ENSG00000028528,ENST00001021182,"intron_variant,NMD_transcript_variant",MODIFIER,,intron_variant
rs3848143,SNX1,ENSG00000028528,ENST00001021187,intron_variant,MODIFIER,,intron_variant
rs3848143,SNX1,ENSG00000028528,ENST00001021188,"intron_variant,NMD_transcript_variant",MODIFIER,,intron_variant
rs3848143,SNX1,ENSG00000028528,ENST00001021189,"intron_variant,NMD_transcript_variant",MODIFIER,,intron_variant
rs3848143,SNX1,ENSG00000028528,ENST00001021190,"intron_variant,NMD_transcript_variant",MODIFIER,,intron_variant
rs3848143,SNX1,ENSG00000028528,ENST00001021191,intron_variant,MODIFIER,,intron_variant
rs3848143,SNX1,ENSG00000028528,ENST00001021192,"intron_variant,NMD_transcript_variant",MODIFIER,,intron_variant
rs3848143,SNX1,ENSG00000028528,ENST00001021194,intron_variant,MODIFIER,,intron_variant
rs3848143,SNX1,ENSG00000028528,ENST00001021195,"intron_variant,NMD_transcript_variant",MODIFIER,,intron_variant
rs3848143,SNX1,ENSG00000028528,ENST00001076777,"intron_variant,NMD_transcript_variant",MODIFIER,,intron_variant
rs3848143,SNX1,ENSG00000028528,ENST00001076778,"intron_variant,NMD_transcript_variant",MODIFIER,,intron_variant
rs3848143,SNX1,ENSG00000028528,ENST00001076779,intron_variant,MODIFIER,,intron_variant
rs3848143,SNX1,ENSG00000028528,ENST00001102831,"intron_variant,NMD_transcript_variant",MODIFIER,,intron_variant
rs3848143,SNX1,ENSG00000028528,ENST00001121592,intron_variant,MODIFIER,,intron_variant
rs3848143,SNX1,ENSG00000028528,ENST00001127568,intron_variant,MODIFIER,,intron_variant
rs3848143,SNX1,ENSG00000028528,ENST00001127569,intron_variant,MODIFIER,,intron_variant
rs3848143,SNX1,ENSG00000028528,ENST00001127570,"intron_variant,NMD_transcript_variant",MODIFIER,,intron_variant
rs3848143,SNX1,ENSG00000028528,ENST00001127571,"intron_variant,NMD_transcript_variant",MODIFIER,,intron_variant
rs3848143,SNX1,ENSG00000028528,ENST00001136505,intron_variant,MODIFIER,,intron_variant
rs117618017,APH1B,ENSG00000138613,ENST00000261879,missense_variant,MODERATE,,missense_variant
rs117618017,APH1B,ENSG00000138613,ENST00000380340,"missense_variant,NMD_transcript_variant",MODERATE,,missense_variant
rs117618017,APH1B,ENSG00000138613,ENST00000380343,missense_variant,MODERATE,,missense_variant
rs117618017,APH1B,ENSG00000138613,ENST00000559744,downstream_gene_variant,MODIFIER,851.0,missense_variant
rs117618017,APH1B,ENSG00000138613,ENST00000559971,"missense_variant,NMD_transcript_variant",MODERATE,,missense_variant
rs117618017,APH1B,ENSG00000138613,ENST00000560353,missense_variant,MODERATE,,missense_variant
rs117618017,APH1B,ENSG00000138613,ENST00000560890,intron_variant,MODIFIER,,missense_variant
rs117618017,APH1B,ENSG00000138613,ENST00000940505,missense_variant,MODERATE,,missense_variant
rs117618017,APH1B,ENSG00000138613,ENST00001037297,missense_variant,MODERATE,,missense_variant
rs117618017,APH1B,ENSG00000138613,ENST00001037298,"missense_variant,NMD_transcript_variant",MODERATE,,missense_variant
rs117618017,APH1B,ENSG00000138613,ENST00001103188,missense_variant,MODERATE,,missense_variant
rs117618017,APH1B,ENSG00000138613,ENST00001103189,"missense_variant,NMD_transcript_variant",MODERATE,,missense_variant
rs117618017,APH1B,ENSG00000138613,ENST00001103190,"missense_variant,NMD_transcript_variant",MODERATE,,missense_variant
rs117618017,APH1B,ENSG00000138613,ENST00001103191,"missense_variant,NMD_transcript_variant",MODERATE,,missense_variant
rs117618017,APH1B,ENSG00000138613,ENST00001103192,missense_variant,MODERATE,,missense_variant
rs117618017,APH1B,ENSG00000138613,ENST00001137153,missense_variant,MODERATE,,missense_variant
rs602602,SNORD3P1,ENSG00000200318,ENST00000363448,upstream_gene_variant,MODIFIER,4143.0,intron_variant
rs602602,MINDY2-DT,ENSG00000245975,ENST00000500929,downstream_gene_variant,MODIFIER,2833.0,intron_variant
rs602602,,ENSG00000286897,ENST00000671030,downstream_gene_variant,MODIFIER,3820.0,intron_variant
rs602602,MINDY2-DT,ENSG00000245975,ENST00000722188,"intron_variant,non_coding_transcript_variant",MODIFIER,,intron_variant
rs602602,MINDY2-DT,ENSG00000245975,ENST00000722189,"intron_variant,non_coding_transcript_variant",MODIFIER,,intron_variant
rs602602,MINDY2-DT,ENSG00000245975,ENST00000722190,downstream_gene_variant,MODIFIER,2834.0,intron_variant
rs602602,MINDY2-DT,ENSG00000245975,ENST00000722191,downstream_gene_variant,MODIFIER,3248.0,intron_variant
rs602602,MINDY2-DT,ENSG00000245975,ENST00000722192,downstream_gene_variant,MODIFIER,3259.0,intron_variant
rs602602,MINDY2-DT,ENSG00000245975,ENST00000722193,downstream_gene_variant,MODIFIER,3248.0,intron_variant
rs602602,MINDY2-DT,ENSG00000245975,ENST00000722194,downstream_gene_variant,MODIFIER,3248.0,intron_variant
rs602602,MINDY2-DT,ENSG00000245975,ENST00000722195,downstream_gene_variant,MODIFIER,3525.0,intron_variant
rs8025980,SPPL2A,ENSG00000138600,ENST00000261854,downstream_gene_variant,MODIFIER,452.0,intron_variant
rs8025980,SPPL2A,ENSG00000138600,ENST00000559293,downstream_gene_variant,MODIFIER,4953.0,intron_variant
rs8025980,SPPL2A,ENSG00000138600,ENST00000698130,downstream_gene_variant,MODIFIER,4953.0,intron_variant
rs8025980,SPPL2A,ENSG00000138600,ENST00000698131,downstream_gene_variant,MODIFIER,4953.0,intron_variant
rs8025980,SPPL2A,ENSG00000138600,ENST00000698132,downstream_gene_variant,MODIFIER,452.0,intron_variant
rs8025980,SPPL2A,ENSG00000138600,ENST00000698133,downstream_gene_variant,MODIFIER,452.0,intron_variant
rs8025980,SPPL2A,ENSG00000138600,ENST00000698134,downstream_gene_variant,MODIFIER,4953.0,intron_variant
rs8025980,SPPL2A,ENSG00000138600,ENST00000698135,downstream_gene_variant,MODIFIER,452.0,intron_variant
rs8025980,,ENSG00000304636,ENST00000805079,"intron_variant,non_coding_transcript_variant",MODIFIER,,intron_variant
rs8025980,SPPL2A,ENSG00000138600,ENST00000890968,downstream_gene_variant,MODIFIER,452.0,intron_variant
rs8025980,SPPL2A,ENSG00000138600,ENST00000890969,downstream_gene_variant,MODIFIER,452.0,intron_variant
rs8025980,SPPL2A,ENSG00000138600,ENST00000890970,downstream_gene_variant,MODIFIER,452.0,intron_variant
rs8025980,SPPL2A,ENSG00000138600,ENST00000951698,downstream_gene_variant,MODIFIER,452.0,intron_variant
rs8025980,SPPL2A,ENSG00000138600,ENST00000951699,downstream_gene_variant,MODIFIER,452.0,intron_variant
rs8025980,SPPL2A,ENSG00000138600,ENST00000951700,downstream_gene_variant,MODIFIER,452.0,intron_variant
rs8025980,SPPL2A,ENSG00000138600,ENST00000990532,downstream_gene_variant,MODIFIER,452.0,intron_variant
rs8025980,SPPL2A,ENSG00000138600,ENST00001020064,downstream_gene_variant,MODIFIER,452.0,intron_variant
rs8025980,SPPL2A,ENSG00000138600,ENST00001134608,downstream_gene_variant,MODIFIER,452.0,intron_variant
rs10131280,IGHV3-65,ENSG00000253209,ENST00000523210,downstream_gene_variant,MODIFIER,501.0,downstream_gene_variant
rs10131280,IGHV3-65,ENSG00000282821,ENST00000633204,downstream_gene_variant,MODIFIER,501.0,downstream_gene_variant
rs7157106,IGHG3,ENSG00000211897,ENST00000641136,downstream_gene_variant,MODIFIER,2745.0,downstream_gene_variant
rs7157106,,,,intergenic_variant,MODIFIER,,intergenic_variant
rs12590654,SLC24A4,ENSG00000140090,ENST00000393265,intron_variant,MODIFIER,,intron_variant
rs12590654,SLC24A4,ENSG00000140090,ENST00000525557,intron_variant,MODIFIER,,intron_variant
rs12590654,SLC24A4,ENSG00000140090,ENST00000526482,"intron_variant,non_coding_transcript_variant",MODIFIER,,intron_variant
rs12590654,SLC24A4,ENSG00000140090,ENST00000531433,intron_variant,MODIFIER,,intron_variant
rs12590654,SLC24A4,ENSG00000140090,ENST00000532405,intron_variant,MODIFIER,,intron_variant
rs12590654,SLC24A4,ENSG00000140090,ENST00000554925,"intron_variant,non_coding_transcript_variant",MODIFIER,,intron_variant
rs12590654,SLC24A4,ENSG00000140090,ENST00000676001,intron_variant,MODIFIER,,intron_variant
rs7401792,SLC24A4,ENSG00000140090,ENST00000393265,intron_variant,MODIFIER,,intron_variant
rs7401792,SLC24A4,ENSG00000140090,ENST00000525557,intron_variant,MODIFIER,,intron_variant
rs7401792,SLC24A4,ENSG00000140090,ENST00000526482,"intron_variant,non_coding_transcript_variant",MODIFIER,,intron_variant
rs7401792,SLC24A4,ENSG00000140090,ENST00000531433,intron_variant,MODIFIER,,intron_variant
rs7401792,SLC24A4,ENSG00000140090,ENST00000532405,intron_variant,MODIFIER,,intron_variant
rs7401792,SLC24A4,ENSG00000140090,ENST00000554925,"intron_variant,non_coding_transcript_variant",MODIFIER,,intron_variant
rs7401792,SLC24A4,ENSG00000140090,ENST00000556739,downstream_gene_variant,MODIFIER,2170.0,intron_variant
rs7401792,SLC24A4,ENSG00000140090,ENST00000676001,intron_variant,MODIFIER,,intron_variant
rs17125924,FERMT2,ENSG00000073712,ENST00000341590,intron_variant,MODIFIER,,intron_variant
rs17125924,FERMT2,ENSG00000073712,ENST00000343279,intron_variant,MODIFIER,,intron_variant
rs17125924,FERMT2,ENSG00000073712,ENST00000395631,intron_variant,MODIFIER,,intron_variant
rs17125924,FERMT2,ENSG00000073712,ENST00000399304,intron_variant,MODIFIER,,intron_variant
rs17125924,FERMT2,ENSG00000073712,ENST00000553373,intron_variant,MODIFIER,,intron_variant
rs17125924,FERMT2,ENSG00000073712,ENST00000554288,intron_variant,MODIFIER,,intron_variant
rs17125924,FERMT2,ENSG00000073712,ENST00000554712,intron_variant,MODIFIER,,intron_variant
rs17125924,FERMT2,ENSG00000073712,ENST00000555692,intron_variant,MODIFIER,,intron_variant
rs17125924,FERMT2,ENSG00000073712,ENST00000557562,"intron_variant,NMD_transcript_variant",MODIFIER,,intron_variant
rs17125924,,ENSG00000285664,ENST00000649005,"intron_variant,non_coding_transcript_variant",MODIFIER,,intron_variant
rs17125924,,ENSG00000285664,ENST00000653549,"intron_variant,non_coding_transcript_variant",MODIFIER,,intron_variant
rs17125924,,ENSG00000285664,ENST00000654071,"intron_variant,non_coding_transcript_variant",MODIFIER,,intron_variant
rs17125924,,ENSG00000285664,ENST00000658290,"intron_variant,non_coding_transcript_variant",MODIFIER,,intron_variant
rs17125924,,ENSG00000285664,ENST00000740961,"intron_variant,non_coding_transcript_variant",MODIFIER,,intron_variant
rs17125924,FERMT2,ENSG00000073712,ENST00000875230,intron_variant,MODIFIER,,intron_variant
rs17125924,FERMT2,ENSG00000073712,ENST00000875231,intron_variant,MODIFIER,,intron_variant
rs17125924,FERMT2,ENSG00000073712,ENST00000875232,intron_variant,MODIFIER,,intron_variant
rs17125924,FERMT2,ENSG00000073712,ENST00000875233,intron_variant,MODIFIER,,intron_variant
rs17125924,FERMT2,ENSG00000073712,ENST00000875234,intron_variant,MODIFIER,,intron_variant
rs17125924,FERMT2,ENSG00000073712,ENST00000875235,intron_variant,MODIFIER,,intron_variant
rs17125924,FERMT2,ENSG00000073712,ENST00000875236,intron_variant,MODIFIER,,intron_variant
rs17125924,FERMT2,ENSG00000073712,ENST00000875237,intron_variant,MODIFIER,,intron_variant
rs17125924,FERMT2,ENSG00000073712,ENST00000921868,intron_variant,MODIFIER,,intron_variant
rs17125924,FERMT2,ENSG00000073712,ENST00000921869,intron_variant,MODIFIER,,intron_variant
rs17125924,FERMT2,ENSG00000073712,ENST00000921870,intron_variant,MODIFIER,,intron_variant
rs17125924,FERMT2,ENSG00000073712,ENST00000921871,intron_variant,MODIFIER,,intron_variant
rs17125924,FERMT2,ENSG00000073712,ENST00000970379,intron_variant,MODIFIER,,intron_variant
rs17125924,FERMT2,ENSG00000073712,ENST00000970380,intron_variant,MODIFIER,,intron_variant
rs17125924,FERMT2,ENSG00000073712,ENST00000970381,intron_variant,MODIFIER,,intron_variant
rs17125924,FERMT2,ENSG00000073712,ENST00000970382,intron_variant,MODIFIER,,intron_variant
rs17125924,FERMT2,ENSG00000073712,ENST00000970383,intron_variant,MODIFIER,,intron_variant
rs17125924,FERMT2,ENSG00000073712,ENST00000970384,intron_variant,MODIFIER,,intron_variant
rs17125924,FERMT2,ENSG00000073712,ENST00001000188,"intron_variant,NMD_transcript_variant",MODIFIER,,intron_variant
rs17125924,FERMT2,ENSG00000073712,ENST00001018532,"intron_variant,NMD_transcript_variant",MODIFIER,,intron_variant
rs17125924,FERMT2,ENSG00000073712,ENST00001018533,"intron_variant,NMD_transcript_variant",MODIFIER,,intron_variant
rs17125924,FERMT2,ENSG00000073712,ENST00001018534,"intron_variant,NMD_transcript_variant",MODIFIER,,intron_variant
rs17125924,FERMT2,ENSG00000073712,ENST00001105563,intron_variant,MODIFIER,,intron_variant
rs17125924,FERMT2,ENSG00000073712,ENST00001137088,intron_variant,MODIFIER,,intron_variant
rs6489896,TPCN1,ENSG00000186815,ENST00000335509,intron_variant,MODIFIER,,intron_variant
rs6489896,TPCN1,ENSG00000186815,ENST00000392569,intron_variant,MODIFIER,,intron_variant
rs6489896,TPCN1,ENSG00000186815,ENST00000428632,"intron_variant,non_coding_transcript_variant",MODIFIER,,intron_variant
rs6489896,TPCN1,ENSG00000186815,ENST00000541517,intron_variant,MODIFIER,,intron_variant
rs6489896,TPCN1,ENSG00000186815,ENST00000546503,downstream_gene_variant,MODIFIER,1669.0,intron_variant
rs6489896,TPCN1,ENSG00000186815,ENST00000546781,intron_variant,MODIFIER,,intron_variant
rs6489896,TPCN1,ENSG00000186815,ENST00000547955,upstream_gene_variant,MODIFIER,2733.0,intron_variant
rs6489896,TPCN1,ENSG00000186815,ENST00000550543,upstream_gene_variant,MODIFIER,2642.0,intron_variant
rs6489896,TPCN1,ENSG00000186815,ENST00000550785,intron_variant,MODIFIER,,intron_variant
rs6489896,TPCN1,ENSG00000186815,ENST00000551127,"intron_variant,non_coding_transcript_variant",MODIFIER,,intron_variant
rs6489896,TPCN1,ENSG00000186815,ENST00000552077,"intron_variant,non_coding_transcript_variant",MODIFIER,,intron_variant
rs6489896,TPCN1,ENSG00000186815,ENST00000879862,intron_variant,MODIFIER,,intron_variant
rs6489896,TPCN1,ENSG00000186815,ENST00000879863,intron_variant,MODIFIER,,intron_variant
rs6489896,TPCN1,ENSG00000186815,ENST00000879864,intron_variant,MODIFIER,,intron_variant
rs6489896,TPCN1,ENSG00000186815,ENST00000879865,intron_variant,MODIFIER,,intron_variant
rs6489896,TPCN1,ENSG00000186815,ENST00000879866,intron_variant,MODIFIER,,intron_variant
rs6489896,TPCN1,ENSG00000186815,ENST00000879867,intron_variant,MODIFIER,,intron_variant
rs6489896,TPCN1,ENSG00000186815,ENST00000879868,intron_variant,MODIFIER,,intron_variant
rs6489896,TPCN1,ENSG00000186815,ENST00000879869,intron_variant,MODIFIER,,intron_variant
rs6489896,TPCN1,ENSG00000186815,ENST00000879870,intron_variant,MODIFIER,,intron_variant
rs6489896,TPCN1,ENSG00000186815,ENST00000879871,intron_variant,MODIFIER,,intron_variant
rs6489896,TPCN1,ENSG00000186815,ENST00000879872,intron_variant,MODIFIER,,intron_variant
rs6489896,TPCN1,ENSG00000186815,ENST00000879873,intron_variant,MODIFIER,,intron_variant
rs6489896,TPCN1,ENSG00000186815,ENST00000879874,intron_variant,MODIFIER,,intron_variant
rs6489896,TPCN1,ENSG00000186815,ENST00000879875,intron_variant,MODIFIER,,intron_variant
rs6489896,TPCN1,ENSG00000186815,ENST00000879876,intron_variant,MODIFIER,,intron_variant
rs6489896,TPCN1,ENSG00000186815,ENST00000879877,intron_variant,MODIFIER,,intron_variant
rs6489896,TPCN1,ENSG00000186815,ENST00000879878,intron_variant,MODIFIER,,intron_variant
rs6489896,TPCN1,ENSG00000186815,ENST00000879879,intron_variant,MODIFIER,,intron_variant
rs6489896,TPCN1,ENSG00000186815,ENST00000879880,intron_variant,MODIFIER,,intron_variant
rs6489896,TPCN1,ENSG00000186815,ENST00000879881,intron_variant,MODIFIER,,intron_variant
rs6489896,TPCN1,ENSG00000186815,ENST00000933067,intron_variant,MODIFIER,,intron_variant
rs6489896,TPCN1,ENSG00000186815,ENST00000933068,intron_variant,MODIFIER,,intron_variant
rs6489896,TPCN1,ENSG00000186815,ENST00000933069,intron_variant,MODIFIER,,intron_variant
rs6489896,TPCN1,ENSG00000186815,ENST00000971651,intron_variant,MODIFIER,,intron_variant
rs6489896,TPCN1,ENSG00000186815,ENST00000971652,intron_variant,MODIFIER,,intron_variant
rs6489896,TPCN1,ENSG00000186815,ENST00000971653,intron_variant,MODIFIER,,intron_variant
rs6489896,TPCN1,ENSG00000186815,ENST00000971654,intron_variant,MODIFIER,,intron_variant
rs6489896,TPCN1,ENSG00000186815,ENST00000988905,"intron_variant,NMD_transcript_variant",MODIFIER,,intron_variant
rs6489896,TPCN1,ENSG00000186815,ENST00001021566,"intron_variant,NMD_transcript_variant",MODIFIER,,intron_variant
rs6489896,TPCN1,ENSG00000186815,ENST00001021567,"intron_variant,NMD_transcript_variant",MODIFIER,,intron_variant
rs6489896,TPCN1,ENSG00000186815,ENST00001021568,"intron_variant,NMD_transcript_variant",MODIFIER,,intron_variant
rs6489896,TPCN1,ENSG00000186815,ENST00001021569,"intron_variant,NMD_transcript_variant",MODIFIER,,intron_variant
rs6489896,TPCN1,ENSG00000186815,ENST00001021571,"intron_variant,NMD_transcript_variant",MODIFIER,,intron_variant
rs6489896,TPCN1,ENSG00000186815,ENST00001021572,"intron_variant,NMD_transcript_variant",MODIFIER,,intron_variant
rs6489896,TPCN1,ENSG00000186815,ENST00001089617,"intron_variant,NMD_transcript_variant",MODIFIER,,intron_variant
rs6489896,TPCN1,ENSG00000186815,ENST00001136289,intron_variant,MODIFIER,,intron_variant
rs11218343,SORL1,ENSG00000137642,ENST00000260197,intron_variant,MODIFIER,,intron_variant
rs11218343,SORL1,ENSG00000137642,ENST00000525532,upstream_gene_variant,MODIFIER,1847.0,intron_variant
rs11218343,SORL1,ENSG00000137642,ENST00000905166,intron_variant,MODIFIER,,intron_variant
rs11218343,SORL1,ENSG00000137642,ENST00000905167,intron_variant,MODIFIER,,intron_variant
rs11218343,SORL1,ENSG00000137642,ENST00001002979,intron_variant,MODIFIER,,intron_variant
rs11218343,SORL1,ENSG00000137642,ENST00001002980,"intron_variant,NMD_transcript_variant",MODIFIER,,intron_variant
rs11218343,SORL1,ENSG00000137642,ENST00001049554,intron_variant,MODIFIER,,intron_variant
rs11218343,SORL1,ENSG00000137642,ENST00001107528,intron_variant,MODIFIER,,intron_variant
rs11218343,SORL1,ENSG00000137642,ENST00001118389,intron_variant,MODIFIER,,intron_variant
rs11218343,SORL1,ENSG00000137642,ENST00001118390,downstream_gene_variant,MODIFIER,2424.0,intron_variant
rs11218343,SORL1,ENSG00000137642,ENST00001144061,intron_variant,MODIFIER,,intron_variant
rs74685827,SORL1,ENSG00000137642,ENST00000260197,intron_variant,MODIFIER,,intron_variant
rs74685827,SORL1,ENSG00000137642,ENST00000532451,"intron_variant,non_coding_transcript_variant",MODIFIER,,intron_variant
rs74685827,SORL1,ENSG00000137642,ENST00000905166,intron_variant,MODIFIER,,intron_variant
rs74685827,SORL1,ENSG00000137642,ENST00000905167,intron_variant,MODIFIER,,intron_variant
rs74685827,SORL1,ENSG00000137642,ENST00001002979,intron_variant,MODIFIER,,intron_variant
rs74685827,SORL1,ENSG00000137642,ENST00001002980,"intron_variant,NMD_transcript_variant",MODIFIER,,intron_variant
rs74685827,SORL1,ENSG00000137642,ENST00001049554,intron_variant,MODIFIER,,intron_variant
rs74685827,SORL1,ENSG00000137642,ENST00001107528,intron_variant,MODIFIER,,intron_variant
rs74685827,SORL1,ENSG00000137642,ENST00001107529,"intron_variant,NMD_transcript_variant",MODIFIER,,intron_variant
rs74685827,SORL1,ENSG00000137642,ENST00001107530,intron_variant,MODIFIER,,intron_variant
rs74685827,SORL1,ENSG00000137642,ENST00001118389,intron_variant,MODIFIER,,intron_variant
rs74685827,SORL1,ENSG00000137642,ENST00001118390,intron_variant,MODIFIER,,intron_variant
rs74685827,SORL1,ENSG00000137642,ENST00001144061,intron_variant,MODIFIER,,intron_variant
rs3851179,RNU6-560P,ENSG00000200877,ENST00000364007,downstream_gene_variant,MODIFIER,4264.0,downstream_gene_variant
rs1582763,MS4A4A,ENSG00000110079,ENST00000649552,intron_variant,MODIFIER,,intron_variant
rs1582763,MS4A4A,ENSG00000110079,ENST00000679385,intron_variant,MODIFIER,,intron_variant
rs1582763,MS4A4A,ENSG00000110079,ENST00000679553,intron_variant,MODIFIER,,intron_variant
rs1582763,MS4A4A,ENSG00000110079,ENST00000680301,intron_variant,MODIFIER,,intron_variant
rs1582763,MS4A4A,ENSG00000110079,ENST00000680537,intron_variant,MODIFIER,,intron_variant
rs1582763,MS4A4A,ENSG00000110079,ENST00000680560,"intron_variant,NMD_transcript_variant",MODIFIER,,intron_variant
rs1582763,MS4A4A,ENSG00000110079,ENST00000680757,intron_variant,MODIFIER,,intron_variant
rs1582763,MS4A4A,ENSG00000110079,ENST00000680935,intron_variant,MODIFIER,,intron_variant
rs1582763,MS4A4A,ENSG00000110079,ENST00000681288,intron_variant,MODIFIER,,intron_variant
rs1582763,MS4A4A,ENSG00000110079,ENST00000681406,intron_variant,MODIFIER,,intron_variant
rs10437655,SPI1,ENSG00000066336,ENST00000227163,intron_variant,MODIFIER,,intron_variant
rs10437655,SPI1,ENSG00000066336,ENST00000378538,intron_variant,MODIFIER,,intron_variant
rs10437655,SPI1,ENSG00000066336,ENST00000533030,intron_variant,MODIFIER,,intron_variant
rs10437655,SPI1,ENSG00000066336,ENST00000533968,intron_variant,MODIFIER,,intron_variant
rs10437655,SPI1,ENSG00000066336,ENST00000713542,intron_variant,MODIFIER,,intron_variant
rs10437655,SPI1,ENSG00000066336,ENST00000713543,intron_variant,MODIFIER,,intron_variant
rs10437655,SPI1,ENSG00000066336,ENST00000867000,intron_variant,MODIFIER,,intron_variant
rs10437655,SPI1,ENSG00000066336,ENST00001004464,intron_variant,MODIFIER,,intron_variant
rs10437655,SPI1,ENSG00000066336,ENST00001004465,intron_variant,MODIFIER,,intron_variant
rs10437655,SPI1,ENSG00000066336,ENST00001103868,intron_variant,MODIFIER,,intron_variant
rs10437655,SPI1,ENSG00000066336,ENST00001141125,intron_variant,MODIFIER,,intron_variant
rs7908662,PLEKHA1,ENSG00000107679,ENST00000368988,intron_variant,MODIFIER,,intron_variant
rs7908662,PLEKHA1,ENSG00000107679,ENST00000368989,intron_variant,MODIFIER,,intron_variant
rs7908662,PLEKHA1,ENSG00000107679,ENST00000368990,intron_variant,MODIFIER,,intron_variant
rs7908662,PLEKHA1,ENSG00000107679,ENST00000392799,intron_variant,MODIFIER,,intron_variant
rs7908662,PLEKHA1,ENSG00000107679,ENST00000433307,intron_variant,MODIFIER,,intron_variant
rs7908662,PLEKHA1,ENSG00000107679,ENST00000463663,downstream_gene_variant,MODIFIER,420.0,intron_variant
rs7908662,PLEKHA1,ENSG00000107679,ENST00000481451,"intron_variant,non_coding_transcript_variant",MODIFIER,,intron_variant
rs7908662,PLEKHA1,ENSG00000107679,ENST00000494222,"intron_variant,non_coding_transcript_variant",MODIFIER,,intron_variant
rs7908662,MIR3941,ENSG00000265442,ENST00000582572,upstream_gene_variant,MODIFIER,3569.0,intron_variant
rs7908662,PLEKHA1,ENSG00000107679,ENST00000878213,intron_variant,MODIFIER,,intron_variant
rs7908662,PLEKHA1,ENSG00000107679,ENST00000878214,intron_variant,MODIFIER,,intron_variant
rs7908662,PLEKHA1,ENSG00000107679,ENST00000878215,intron_variant,MODIFIER,,intron_variant
rs7908662,PLEKHA1,ENSG00000107679,ENST00000878216,intron_variant,MODIFIER,,intron_variant
rs7908662,PLEKHA1,ENSG00000107679,ENST00000878217,intron_variant,MODIFIER,,intron_variant
rs7908662,PLEKHA1,ENSG00000107679,ENST00000878218,intron_variant,MODIFIER,,intron_variant
rs7908662,PLEKHA1,ENSG00000107679,ENST00000878219,intron_variant,MODIFIER,,intron_variant
rs7908662,PLEKHA1,ENSG00000107679,ENST00000878220,intron_variant,MODIFIER,,intron_variant
rs7908662,PLEKHA1,ENSG00000107679,ENST00000878221,intron_variant,MODIFIER,,intron_variant
rs7908662,PLEKHA1,ENSG00000107679,ENST00000878222,intron_variant,MODIFIER,,intron_variant
rs7908662,PLEKHA1,ENSG00000107679,ENST00000878223,intron_variant,MODIFIER,,intron_variant
rs7908662,PLEKHA1,ENSG00000107679,ENST00000878224,intron_variant,MODIFIER,,intron_variant
rs7908662,PLEKHA1,ENSG00000107679,ENST00000878225,intron_variant,MODIFIER,,intron_variant
rs7908662,PLEKHA1,ENSG00000107679,ENST00000878226,intron_variant,MODIFIER,,intron_variant
rs7908662,PLEKHA1,ENSG00000107679,ENST00000878227,intron_variant,MODIFIER,,intron_variant
rs7908662,PLEKHA1,ENSG00000107679,ENST00000878228,intron_variant,MODIFIER,,intron_variant
rs7908662,PLEKHA1,ENSG00000107679,ENST00000878229,intron_variant,MODIFIER,,intron_variant
rs7908662,PLEKHA1,ENSG00000107679,ENST00000878230,intron_variant,MODIFIER,,intron_variant
rs7908662,PLEKHA1,ENSG00000107679,ENST00000878231,intron_variant,MODIFIER,,intron_variant
rs7908662,PLEKHA1,ENSG00000107679,ENST00000919448,intron_variant,MODIFIER,,intron_variant
rs7908662,PLEKHA1,ENSG00000107679,ENST00000919449,intron_variant,MODIFIER,,intron_variant
rs7908662,PLEKHA1,ENSG00000107679,ENST00000919450,intron_variant,MODIFIER,,intron_variant
rs7908662,PLEKHA1,ENSG00000107679,ENST00000949908,intron_variant,MODIFIER,,intron_variant
rs7908662,PLEKHA1,ENSG00000107679,ENST00000949909,intron_variant,MODIFIER,,intron_variant
rs7908662,PLEKHA1,ENSG00000107679,ENST00000949910,intron_variant,MODIFIER,,intron_variant
rs7908662,PLEKHA1,ENSG00000107679,ENST00000949911,intron_variant,MODIFIER,,intron_variant
rs7908662,PLEKHA1,ENSG00000107679,ENST00000949912,intron_variant,MODIFIER,,intron_variant
rs7908662,PLEKHA1,ENSG00000107679,ENST00000993864,intron_variant,MODIFIER,,intron_variant
rs7908662,PLEKHA1,ENSG00000107679,ENST00000993865,"intron_variant,NMD_transcript_variant",MODIFIER,,intron_variant
rs7908662,PLEKHA1,ENSG00000107679,ENST00000993866,intron_variant,MODIFIER,,intron_variant
rs7908662,PLEKHA1,ENSG00000107679,ENST00000993867,intron_variant,MODIFIER,,intron_variant
rs7908662,PLEKHA1,ENSG00000107679,ENST00000993868,"intron_variant,NMD_transcript_variant",MODIFIER,,intron_variant
rs7908662,PLEKHA1,ENSG00000107679,ENST00000993869,intron_variant,MODIFIER,,intron_variant
rs7908662,PLEKHA1,ENSG00000107679,ENST00000993870,intron_variant,MODIFIER,,intron_variant
rs7908662,PLEKHA1,ENSG00000107679,ENST00000993871,intron_variant,MODIFIER,,intron_variant
rs7908662,PLEKHA1,ENSG00000107679,ENST00000993872,intron_variant,MODIFIER,,intron_variant
rs7908662,PLEKHA1,ENSG00000107679,ENST00000993873,intron_variant,MODIFIER,,intron_variant
rs7908662,PLEKHA1,ENSG00000107679,ENST00001035076,intron_variant,MODIFIER,,intron_variant
rs7908662,PLEKHA1,ENSG00000107679,ENST00001035077,intron_variant,MODIFIER,,intron_variant
rs7908662,PLEKHA1,ENSG00000107679,ENST00001035078,intron_variant,MODIFIER,,intron_variant
rs7908662,PLEKHA1,ENSG00000107679,ENST00001035079,"intron_variant,NMD_transcript_variant",MODIFIER,,intron_variant
rs7908662,PLEKHA1,ENSG00000107679,ENST00001035080,"intron_variant,NMD_transcript_variant",MODIFIER,,intron_variant
rs7908662,PLEKHA1,ENSG00000107679,ENST00001035081,"intron_variant,NMD_transcript_variant",MODIFIER,,intron_variant
rs7908662,PLEKHA1,ENSG00000107679,ENST00001035082,intron_variant,MODIFIER,,intron_variant
rs7908662,PLEKHA1,ENSG00000107679,ENST00001035083,"intron_variant,NMD_transcript_variant",MODIFIER,,intron_variant
rs7908662,PLEKHA1,ENSG00000107679,ENST00001035084,intron_variant,MODIFIER,,intron_variant
rs7908662,PLEKHA1,ENSG00000107679,ENST00001035085,intron_variant,MODIFIER,,intron_variant
rs7908662,PLEKHA1,ENSG00000107679,ENST00001108511,intron_variant,MODIFIER,,intron_variant
rs7908662,PLEKHA1,ENSG00000107679,ENST00001116358,intron_variant,MODIFIER,,intron_variant
rs7908662,PLEKHA1,ENSG00000107679,ENST00001116359,intron_variant,MODIFIER,,intron_variant
rs7908662,PLEKHA1,ENSG00000107679,ENST00001120040,intron_variant,MODIFIER,,intron_variant
rs7908662,PLEKHA1,ENSG00000107679,ENST00001120041,intron_variant,MODIFIER,,intron_variant
rs7908662,PLEKHA1,ENSG00000107679,ENST00001127334,intron_variant,MODIFIER,,intron_variant
rs7908662,PLEKHA1,ENSG00000107679,ENST00001127335,intron_variant,MODIFIER,,intron_variant
rs7908662,PLEKHA1,ENSG00000107679,ENST00001138272,intron_variant,MODIFIER,,intron_variant
rs6584063,BLNK,ENSG00000095585,ENST00000224337,intron_variant,MODIFIER,,intron_variant
rs6584063,BLNK,ENSG00000095585,ENST00000371176,intron_variant,MODIFIER,,intron_variant
rs6584063,BLNK,ENSG00000095585,ENST00000413476,intron_variant,MODIFIER,,intron_variant
rs6584063,BLNK,ENSG00000095585,ENST00000427367,intron_variant,MODIFIER,,intron_variant
rs6584063,BLNK,ENSG00000095585,ENST00000467799,"intron_variant,NMD_transcript_variant",MODIFIER,,intron_variant
rs6584063,BLNK,ENSG00000095585,ENST00000472763,"intron_variant,non_coding_transcript_variant",MODIFIER,,intron_variant
rs6584063,BLNK,ENSG00000095585,ENST00000495266,intron_variant,MODIFIER,,intron_variant
rs6584063,BLNK,ENSG00000095585,ENST00000696248,intron_variant,MODIFIER,,intron_variant
rs6584063,BLNK,ENSG00000095585,ENST00000696253,intron_variant,MODIFIER,,intron_variant
rs6584063,BLNK,ENSG00000095585,ENST00000696255,"intron_variant,NMD_transcript_variant",MODIFIER,,intron_variant
rs6584063,BLNK,ENSG00000095585,ENST00000696257,"intron_variant,NMD_transcript_variant",MODIFIER,,intron_variant
rs6584063,BLNK,ENSG00000095585,ENST00000696513,intron_variant,MODIFIER,,intron_variant
rs6584063,BLNK,ENSG00000095585,ENST00000696514,intron_variant,MODIFIER,,intron_variant
rs6584063,BLNK,ENSG00000095585,ENST00000696516,"intron_variant,NMD_transcript_variant",MODIFIER,,intron_variant
rs6584063,BLNK,ENSG00000095585,ENST00000696517,"intron_variant,NMD_transcript_variant",MODIFIER,,intron_variant
rs6584063,BLNK,ENSG00000095585,ENST00000696518,"intron_variant,NMD_transcript_variant",MODIFIER,,intron_variant
rs6584063,BLNK,ENSG00000095585,ENST00000696519,"intron_variant,NMD_transcript_variant",MODIFIER,,intron_variant
rs6584063,BLNK,ENSG00000095585,ENST00000696521,"intron_variant,NMD_transcript_variant",MODIFIER,,intron_variant
rs6584063,BLNK,ENSG00000095585,ENST00000696522,"intron_variant,NMD_transcript_variant",MODIFIER,,intron_variant
rs6584063,BLNK,ENSG00000095585,ENST00000696523,"intron_variant,NMD_transcript_variant",MODIFIER,,intron_variant
rs6584063,BLNK,ENSG00000095585,ENST00000696524,"intron_variant,NMD_transcript_variant",MODIFIER,,intron_variant
rs6584063,BLNK,ENSG00000095585,ENST00000696525,"intron_variant,non_coding_transcript_variant",MODIFIER,,intron_variant
rs6584063,BLNK,ENSG00000095585,ENST00000896451,intron_variant,MODIFIER,,intron_variant
rs6584063,BLNK,ENSG00000095585,ENST00000896452,intron_variant,MODIFIER,,intron_variant
rs6584063,BLNK,ENSG00000095585,ENST00000896453,intron_variant,MODIFIER,,intron_variant
rs6584063,BLNK,ENSG00000095585,ENST00000995895,"intron_variant,NMD_transcript_variant",MODIFIER,,intron_variant
rs6584063,BLNK,ENSG00000095585,ENST00000995896,"intron_variant,NMD_transcript_variant",MODIFIER,,intron_variant
rs6584063,BLNK,ENSG00000095585,ENST00000995897,intron_variant,MODIFIER,,intron_variant
rs6584063,BLNK,ENSG00000095585,ENST00001109415,intron_variant,MODIFIER,,intron_variant
rs6584063,BLNK,ENSG00000095585,ENST00001109416,intron_variant,MODIFIER,,intron_variant
rs6584063,BLNK,ENSG00000095585,ENST00001120038,intron_variant,MODIFIER,,intron_variant
rs6584063,BLNK,ENSG00000095585,ENST00001142353,intron_variant,MODIFIER,,intron_variant
rs6586028,TSPAN14,ENSG00000108219,ENST00000341863,intron_variant,MODIFIER,,intron_variant
rs6586028,TSPAN14,ENSG00000108219,ENST00000372156,intron_variant,MODIFIER,,intron_variant
rs6586028,TSPAN14,ENSG00000108219,ENST00000372157,intron_variant,MODIFIER,,intron_variant
rs6586028,TSPAN14,ENSG00000108219,ENST00000372158,intron_variant,MODIFIER,,intron_variant
rs6586028,TSPAN14,ENSG00000108219,ENST00000372164,intron_variant,MODIFIER,,intron_variant
rs6586028,TSPAN14,ENSG00000108219,ENST00000429989,intron_variant,MODIFIER,,intron_variant
rs6586028,TSPAN14,ENSG00000108219,ENST00000469149,"intron_variant,non_coding_transcript_variant",MODIFIER,,intron_variant
rs6586028,TSPAN14,ENSG00000108219,ENST00000481124,intron_variant,MODIFIER,,intron_variant
rs6586028,TSPAN14,ENSG00000108219,ENST00000714437,intron_variant,MODIFIER,,intron_variant
rs6586028,TSPAN14,ENSG00000108219,ENST00000714438,intron_variant,MODIFIER,,intron_variant
rs6586028,TSPAN14,ENSG00000108219,ENST00000714439,intron_variant,MODIFIER,,intron_variant
rs6586028,TSPAN14,ENSG00000108219,ENST00000714440,intron_variant,MODIFIER,,intron_variant
rs6586028,TSPAN14,ENSG00000108219,ENST00000714441,intron_variant,MODIFIER,,intron_variant
rs6586028,TSPAN14,ENSG00000108219,ENST00000714442,intron_variant,MODIFIER,,intron_variant
rs6586028,TSPAN14,ENSG00000108219,ENST00000714443,intron_variant,MODIFIER,,intron_variant
rs6586028,TSPAN14,ENSG00000108219,ENST00000714444,intron_variant,MODIFIER,,intron_variant
rs6586028,TSPAN14,ENSG00000108219,ENST00000714445,intron_variant,MODIFIER,,intron_variant
rs6586028,TSPAN14,ENSG00000108219,ENST00000910475,intron_variant,MODIFIER,,intron_variant
rs6586028,TSPAN14,ENSG00000108219,ENST00000910476,intron_variant,MODIFIER,,intron_variant
rs6586028,TSPAN14,ENSG00000108219,ENST00000910477,intron_variant,MODIFIER,,intron_variant
rs6586028,TSPAN14,ENSG00000108219,ENST00000910478,intron_variant,MODIFIER,,intron_variant
rs6586028,TSPAN14,ENSG00000108219,ENST00000910479,intron_variant,MODIFIER,,intron_variant
rs6586028,TSPAN14,ENSG00000108219,ENST00000910480,intron_variant,MODIFIER,,intron_variant
rs6586028,TSPAN14,ENSG00000108219,ENST00000910481,intron_variant,MODIFIER,,intron_variant
rs6586028,TSPAN14,ENSG00000108219,ENST00000910482,intron_variant,MODIFIER,,intron_variant
rs6586028,TSPAN14,ENSG00000108219,ENST00000910483,intron_variant,MODIFIER,,intron_variant
rs6586028,TSPAN14,ENSG00000108219,ENST00000910484,intron_variant,MODIFIER,,intron_variant
rs6586028,TSPAN14,ENSG00000108219,ENST00000910485,intron_variant,MODIFIER,,intron_variant
rs6586028,TSPAN14,ENSG00000108219,ENST00000910486,intron_variant,MODIFIER,,intron_variant
rs6586028,TSPAN14,ENSG00000108219,ENST00000910487,intron_variant,MODIFIER,,intron_variant
rs6586028,TSPAN14,ENSG00000108219,ENST00000910488,intron_variant,MODIFIER,,intron_variant
rs6586028,TSPAN14,ENSG00000108219,ENST00000910489,intron_variant,MODIFIER,,intron_variant
rs6586028,TSPAN14,ENSG00000108219,ENST00000910490,intron_variant,MODIFIER,,intron_variant
rs6586028,TSPAN14,ENSG00000108219,ENST00000910491,intron_variant,MODIFIER,,intron_variant
rs6586028,TSPAN14,ENSG00000108219,ENST00000910492,intron_variant,MODIFIER,,intron_variant
rs6586028,TSPAN14,ENSG00000108219,ENST00000910493,intron_variant,MODIFIER,,intron_variant
rs6586028,TSPAN14,ENSG00000108219,ENST00000910494,intron_variant,MODIFIER,,intron_variant
rs6586028,TSPAN14,ENSG00000108219,ENST00000910495,intron_variant,MODIFIER,,intron_variant
rs6586028,TSPAN14,ENSG00000108219,ENST00000910496,intron_variant,MODIFIER,,intron_variant
rs6586028,TSPAN14,ENSG00000108219,ENST00000910497,intron_variant,MODIFIER,,intron_variant
rs6586028,TSPAN14,ENSG00000108219,ENST00000910498,intron_variant,MODIFIER,,intron_variant
rs6586028,TSPAN14,ENSG00000108219,ENST00000910499,intron_variant,MODIFIER,,intron_variant
rs6586028,TSPAN14,ENSG00000108219,ENST00000910500,intron_variant,MODIFIER,,intron_variant
rs6586028,TSPAN14,ENSG00000108219,ENST00000910501,intron_variant,MODIFIER,,intron_variant
rs6586028,TSPAN14,ENSG00000108219,ENST00000910502,intron_variant,MODIFIER,,intron_variant
rs6586028,TSPAN14,ENSG00000108219,ENST00000910503,intron_variant,MODIFIER,,intron_variant
rs6586028,TSPAN14,ENSG00000108219,ENST00000910504,intron_variant,MODIFIER,,intron_variant
rs6586028,TSPAN14,ENSG00000108219,ENST00000910505,intron_variant,MODIFIER,,intron_variant
rs6586028,TSPAN14,ENSG00000108219,ENST00000910506,intron_variant,MODIFIER,,intron_variant
rs6586028,TSPAN14,ENSG00000108219,ENST00000910507,intron_variant,MODIFIER,,intron_variant
rs6586028,TSPAN14,ENSG00000108219,ENST00000910508,intron_variant,MODIFIER,,intron_variant
rs6586028,TSPAN14,ENSG00000108219,ENST00000910509,intron_variant,MODIFIER,,intron_variant
rs6586028,TSPAN14,ENSG00000108219,ENST00000910510,intron_variant,MODIFIER,,intron_variant
rs6586028,TSPAN14,ENSG00000108219,ENST00000910511,intron_variant,MODIFIER,,intron_variant
rs6586028,TSPAN14,ENSG00000108219,ENST00000940593,intron_variant,MODIFIER,,intron_variant
rs6586028,TSPAN14,ENSG00000108219,ENST00000940594,intron_variant,MODIFIER,,intron_variant
rs6586028,TSPAN14,ENSG00000108219,ENST00000940595,intron_variant,MODIFIER,,intron_variant
rs6586028,TSPAN14,ENSG00000108219,ENST00000940596,intron_variant,MODIFIER,,intron_variant
rs6586028,TSPAN14,ENSG00000108219,ENST00000940597,intron_variant,MODIFIER,,intron_variant
rs6586028,TSPAN14,ENSG00000108219,ENST00000964935,intron_variant,MODIFIER,,intron_variant
rs6586028,TSPAN14,ENSG00000108219,ENST00000964936,intron_variant,MODIFIER,,intron_variant
rs6586028,TSPAN14,ENSG00000108219,ENST00000964937,intron_variant,MODIFIER,,intron_variant
rs6586028,TSPAN14,ENSG00000108219,ENST00000964938,intron_variant,MODIFIER,,intron_variant
rs6586028,TSPAN14,ENSG00000108219,ENST00000964939,intron_variant,MODIFIER,,intron_variant
rs6586028,TSPAN14,ENSG00000108219,ENST00000964940,intron_variant,MODIFIER,,intron_variant
rs6586028,TSPAN14,ENSG00000108219,ENST00000964941,intron_variant,MODIFIER,,intron_variant
rs6586028,TSPAN14,ENSG00000108219,ENST00000964942,intron_variant,MODIFIER,,intron_variant
rs6586028,TSPAN14,ENSG00000108219,ENST00000964943,intron_variant,MODIFIER,,intron_variant
rs6586028,TSPAN14,ENSG00000108219,ENST00000977937,"intron_variant,NMD_transcript_variant",MODIFIER,,intron_variant
rs6586028,TSPAN14,ENSG00000108219,ENST00000977938,"intron_variant,NMD_transcript_variant",MODIFIER,,intron_variant
rs6586028,TSPAN14,ENSG00000108219,ENST00000977939,"intron_variant,NMD_transcript_variant",MODIFIER,,intron_variant
rs6586028,TSPAN14,ENSG00000108219,ENST00000977940,"intron_variant,NMD_transcript_variant",MODIFIER,,intron_variant
rs6586028,TSPAN14,ENSG00000108219,ENST00001049090,"intron_variant,NMD_transcript_variant",MODIFIER,,intron_variant
rs6586028,TSPAN14,ENSG00000108219,ENST00001049091,"intron_variant,NMD_transcript_variant",MODIFIER,,intron_variant
rs6586028,TSPAN14,ENSG00000108219,ENST00001049092,"intron_variant,NMD_transcript_variant",MODIFIER,,intron_variant
rs6586028,TSPAN14,ENSG00000108219,ENST00001112451,intron_variant,MODIFIER,,intron_variant
rs6586028,TSPAN14,ENSG00000108219,ENST00001112452,intron_variant,MODIFIER,,intron_variant
rs6586028,TSPAN14,ENSG00000108219,ENST00001118339,intron_variant,MODIFIER,,intron_variant
rs6586028,TSPAN14,ENSG00000108219,ENST00001123410,intron_variant,MODIFIER,,intron_variant
rs6586028,TSPAN14,ENSG00000108219,ENST00001130814,intron_variant,MODIFIER,,intron_variant
rs6586028,TSPAN14,ENSG00000108219,ENST00001136782,intron_variant,MODIFIER,,intron_variant
rs7068231,ANK3,ENSG00000151150,ENST00000280772,downstream_gene_variant,MODIFIER,1128.0,intron_variant
rs7068231,ANK3,ENSG00000151150,ENST00000355288,downstream_gene_variant,MODIFIER,1128.0,intron_variant
rs7068231,ANK3,ENSG00000151150,ENST00000373820,downstream_gene_variant,MODIFIER,3698.0,intron_variant
rs7068231,ANK3,ENSG00000151150,ENST00000373827,downstream_gene_variant,MODIFIER,1128.0,intron_variant
rs7068231,ANK3,ENSG00000151150,ENST00000467420,downstream_gene_variant,MODIFIER,1128.0,intron_variant
rs7068231,ANK3,ENSG00000151150,ENST00000480699,downstream_gene_variant,MODIFIER,4530.0,intron_variant
rs7068231,ANK3,ENSG00000151150,ENST00000489505,downstream_gene_variant,MODIFIER,4521.0,intron_variant
rs7068231,ANK3,ENSG00000151150,ENST00000502769,downstream_gene_variant,MODIFIER,4520.0,intron_variant
rs7068231,ANK3,ENSG00000151150,ENST00000503366,downstream_gene_variant,MODIFIER,1128.0,intron_variant
rs7068231,ANK3,ENSG00000151150,ENST00000612776,downstream_gene_variant,MODIFIER,4531.0,intron_variant
rs7068231,,ENSG00000232682,ENST00000830353,"intron_variant,non_coding_transcript_variant",MODIFIER,,intron_variant
rs7068231,ANK3,ENSG00000151150,ENST00000870520,downstream_gene_variant,MODIFIER,1128.0,intron_variant
rs7912495,,ENSG00000271046,ENST00000604086,"intron_variant,non_coding_transcript_variant",MODIFIER,,intron_variant
rs7912495,,ENSG00000308311,ENST00000833163,"intron_variant,non_coding_transcript_variant",MODIFIER,,intron_variant
rs7912495,,ENSG00000308311,ENST00000833164,"intron_variant,non_coding_transcript_variant",MODIFIER,,intron_variant
rs7912495,,ENSG00000308311,ENST00000833165,"intron_variant,non_coding_transcript_variant",MODIFIER,,intron_variant
rs7912495,,ENSG00000308311,ENST00000833166,"intron_variant,non_coding_transcript_variant",MODIFIER,,intron_variant
rs7912495,,ENSG00000308311,ENST00000833168,"intron_variant,non_coding_transcript_variant",MODIFIER,,intron_variant
rs7912495,,ENSG00000308311,ENST00000833169,"intron_variant,non_coding_transcript_variant",MODIFIER,,intron_variant
rs7912495,,ENSG00000308311,ENST00000833170,"intron_variant,non_coding_transcript_variant",MODIFIER,,intron_variant
rs7912495,,ENSG00000308311,ENST00000833171,downstream_gene_variant,MODIFIER,3161.0,intron_variant
rs7912495,,ENSG00000271046,ENST00000833467,"intron_variant,non_coding_transcript_variant",MODIFIER,,intron_variant
rs7912495,,ENSG00000271046,ENST00000833468,"intron_variant,non_coding_transcript_variant",MODIFIER,,intron_variant
rs1800978,ABCA1,ENSG00000165029,ENST00000374733,intron_variant,MODIFIER,,5_prime_UTR_variant
rs1800978,ABCA1,ENSG00000165029,ENST00000374736,5_prime_UTR_variant,MODIFIER,,5_prime_UTR_variant
rs1800978,ABCA1,ENSG00000165029,ENST00000423487,5_prime_UTR_variant,MODIFIER,,5_prime_UTR_variant
rs1800978,ABCA1,ENSG00000165029,ENST00000678995,5_prime_UTR_variant,MODIFIER,,5_prime_UTR_variant
rs1800978,,ENSG00000306712,ENST00000820342,upstream_gene_variant,MODIFIER,3350.0,5_prime_UTR_variant
rs1800978,,ENSG00000306712,ENST00000820343,upstream_gene_variant,MODIFIER,3205.0,5_prime_UTR_variant
rs1800978,ABCA1,ENSG00000165029,ENST00000981661,5_prime_UTR_variant,MODIFIER,,5_prime_UTR_variant
rs1800978,ABCA1,ENSG00000165029,ENST00001108262,5_prime_UTR_variant,MODIFIER,,5_prime_UTR_variant
rs1800978,ABCA1,ENSG00000165029,ENST00001108263,5_prime_UTR_variant,MODIFIER,,5_prime_UTR_variant
rs1800978,ABCA1,ENSG00000165029,ENST00001108264,5_prime_UTR_variant,MODIFIER,,5_prime_UTR_variant
rs1800978,ABCA1,ENSG00000165029,ENST00001108265,"5_prime_UTR_variant,NMD_transcript_variant",MODIFIER,,5_prime_UTR_variant
rs1800978,ABCA1,ENSG00000165029,ENST00001108266,5_prime_UTR_variant,MODIFIER,,5_prime_UTR_variant
rs1800978,ABCA1,ENSG00000165029,ENST00001108267,"5_prime_UTR_variant,NMD_transcript_variant",MODIFIER,,5_prime_UTR_variant
rs1800978,ABCA1,ENSG00000165029,ENST00001108268,"5_prime_UTR_variant,NMD_transcript_variant",MODIFIER,,5_prime_UTR_variant
rs1800978,ABCA1,ENSG00000165029,ENST00001108269,5_prime_UTR_variant,MODIFIER,,5_prime_UTR_variant
rs1800978,ABCA1,ENSG00000165029,ENST00001115677,5_prime_UTR_variant,MODIFIER,,5_prime_UTR_variant
rs1800978,ABCA1,ENSG00000165029,ENST00001117265,5_prime_UTR_variant,MODIFIER,,5_prime_UTR_variant
rs1800978,ABCA1,ENSG00000165029,ENST00001117266,5_prime_UTR_variant,MODIFIER,,5_prime_UTR_variant
rs1800978,ABCA1,ENSG00000165029,ENST00001117267,5_prime_UTR_variant,MODIFIER,,5_prime_UTR_variant
rs1800978,ABCA1,ENSG00000165029,ENST00001117268,5_prime_UTR_variant,MODIFIER,,5_prime_UTR_variant
rs1800978,ABCA1,ENSG00000165029,ENST00001117269,5_prime_UTR_variant,MODIFIER,,5_prime_UTR_variant
rs1800978,ABCA1,ENSG00000165029,ENST00001117270,5_prime_UTR_variant,MODIFIER,,5_prime_UTR_variant
rs1800978,ABCA1,ENSG00000165029,ENST00001117271,5_prime_UTR_variant,MODIFIER,,5_prime_UTR_variant
rs1800978,ABCA1,ENSG00000165029,ENST00001117272,5_prime_UTR_variant,MODIFIER,,5_prime_UTR_variant
rs1800978,ABCA1,ENSG00000165029,ENST00001117273,5_prime_UTR_variant,MODIFIER,,5_prime_UTR_variant
rs1800978,ABCA1,ENSG00000165029,ENST00001139463,5_prime_UTR_variant,MODIFIER,,5_prime_UTR_variant
rs34173062,MAF1,ENSG00000179632,ENST00000322428,upstream_gene_variant,MODIFIER,757.0,missense_variant
rs34173062,WDR97,ENSG00000179698,ENST00000323662,upstream_gene_variant,MODIFIER,4035.0,missense_variant
rs34173062,SHARPIN,ENSG00000179526,ENST00000359551,"missense_variant,NMD_transcript_variant",MODERATE,,missense_variant
rs34173062,SHARPIN,ENSG00000179526,ENST00000398712,missense_variant,MODERATE,,missense_variant
rs34173062,SHARPIN,ENSG00000179526,ENST00000525275,upstream_gene_variant,MODIFIER,3715.0,missense_variant
rs34173062,MAF1,ENSG00000179632,ENST00000527058,upstream_gene_variant,MODIFIER,1379.0,missense_variant
rs34173062,MAF1,ENSG00000179632,ENST00000527572,upstream_gene_variant,MODIFIER,1274.0,missense_variant
rs34173062,SHARPIN,ENSG00000179526,ENST00000530216,upstream_gene_variant,MODIFIER,2862.0,missense_variant
rs34173062,SHARPIN,ENSG00000179526,ENST00000531375,non_coding_transcript_exon_variant,MODIFIER,,missense_variant
rs34173062,MAF1,ENSG00000179632,ENST00000532522,upstream_gene_variant,MODIFIER,1240.0,missense_variant
rs34173062,SHARPIN,ENSG00000179526,ENST00000532536,upstream_gene_variant,MODIFIER,4382.0,missense_variant
rs34173062,SHARPIN,ENSG00000179526,ENST00000533184,"intron_variant,non_coding_transcript_variant",MODIFIER,,missense_variant
rs34173062,SHARPIN,ENSG00000179526,ENST00000533948,"intron_variant,non_coding_transcript_variant",MODIFIER,,missense_variant
rs34173062,WDR97,ENSG00000179698,ENST00000534167,upstream_gene_variant,MODIFIER,4022.0,missense_variant
rs34173062,SHARPIN,ENSG00000179526,ENST00000534242,"intron_variant,non_coding_transcript_variant",MODIFIER,,missense_variant
rs34173062,SHARPIN,ENSG00000179526,ENST00000534435,"intron_variant,non_coding_transcript_variant",MODIFIER,,missense_variant
rs34173062,MAF1,ENSG00000179632,ENST00000534585,upstream_gene_variant,MODIFIER,351.0,missense_variant
rs34173062,MAF1,ENSG00000179632,ENST00000534811,upstream_gene_variant,MODIFIER,2897.0,missense_variant
rs34173062,MAF1,ENSG00000179632,ENST00000715465,upstream_gene_variant,MODIFIER,716.0,missense_variant
rs34173062,SHARPIN,ENSG00000179526,ENST00000876467,missense_variant,MODERATE,,missense_variant
rs34173062,SHARPIN,ENSG00000179526,ENST00000876468,missense_variant,MODERATE,,missense_variant
rs34173062,SHARPIN,ENSG00000179526,ENST00000876469,missense_variant,MODERATE,,missense_variant
rs34173062,SHARPIN,ENSG00000179526,ENST00000876470,missense_variant,MODERATE,,missense_variant
rs34173062,SHARPIN,ENSG00000179526,ENST00000876471,missense_variant,MODERATE,,missense_variant
rs34173062,SHARPIN,ENSG00000179526,ENST00000876472,missense_variant,MODERATE,,missense_variant
rs34173062,SHARPIN,ENSG00000179526,ENST00000876473,missense_variant,MODERATE,,missense_variant
rs34173062,SHARPIN,ENSG00000179526,ENST00000876474,missense_variant,MODERATE,,missense_variant
rs34173062,SHARPIN,ENSG00000179526,ENST00000876475,missense_variant,MODERATE,,missense_variant
rs34173062,SHARPIN,ENSG00000179526,ENST00000876476,missense_variant,MODERATE,,missense_variant
rs34173062,SHARPIN,ENSG00000179526,ENST00000876477,missense_variant,MODERATE,,missense_variant
rs34173062,SHARPIN,ENSG00000179526,ENST00000876478,missense_variant,MODERATE,,missense_variant
rs34173062,MAF1,ENSG00000179632,ENST00000876665,upstream_gene_variant,MODIFIER,153.0,missense_variant
rs34173062,MAF1,ENSG00000179632,ENST00000876666,upstream_gene_variant,MODIFIER,163.0,missense_variant
rs34173062,MAF1,ENSG00000179632,ENST00000876667,upstream_gene_variant,MODIFIER,351.0,missense_variant
rs34173062,MAF1,ENSG00000179632,ENST00000876668,upstream_gene_variant,MODIFIER,757.0,missense_variant
rs34173062,MAF1,ENSG00000179632,ENST00000876669,upstream_gene_variant,MODIFIER,351.0,missense_variant
rs34173062,MAF1,ENSG00000179632,ENST00000876670,upstream_gene_variant,MODIFIER,757.0,missense_variant
rs34173062,MAF1,ENSG00000179632,ENST00000876671,upstream_gene_variant,MODIFIER,775.0,missense_variant
rs34173062,MAF1,ENSG00000179632,ENST00000876672,upstream_gene_variant,MODIFIER,351.0,missense_variant
rs34173062,MAF1,ENSG00000179632,ENST00000876673,upstream_gene_variant,MODIFIER,351.0,missense_variant
rs34173062,MAF1,ENSG00000179632,ENST00000876674,upstream_gene_variant,MODIFIER,775.0,missense_variant
rs34173062,MAF1,ENSG00000179632,ENST00000876675,upstream_gene_variant,MODIFIER,792.0,missense_variant
rs34173062,MAF1,ENSG00000179632,ENST00000876676,upstream_gene_variant,MODIFIER,1358.0,missense_variant
rs34173062,SHARPIN,ENSG00000179526,ENST00000922422,missense_variant,MODERATE,,missense_variant
rs34173062,SHARPIN,ENSG00000179526,ENST00000922423,missense_variant,MODERATE,,missense_variant
rs34173062,SHARPIN,ENSG00000179526,ENST00000922424,missense_variant,MODERATE,,missense_variant
rs34173062,SHARPIN,ENSG00000179526,ENST00000964195,missense_variant,MODERATE,,missense_variant
rs34173062,SHARPIN,ENSG00000179526,ENST00000964196,missense_variant,MODERATE,,missense_variant
rs34173062,SHARPIN,ENSG00000179526,ENST00000964197,missense_variant,MODERATE,,missense_variant
rs34173062,SHARPIN,ENSG00000179526,ENST00000964198,missense_variant,MODERATE,,missense_variant
rs34173062,SHARPIN,ENSG00000179526,ENST00000964199,missense_variant,MODERATE,,missense_variant
rs34173062,SHARPIN,ENSG00000179526,ENST00000964200,missense_variant,MODERATE,,missense_variant
rs34173062,SHARPIN,ENSG00000179526,ENST00000964201,missense_variant,MODERATE,,missense_variant
rs34173062,MAF1,ENSG00000179632,ENST00000964343,intron_variant,MODIFIER,,missense_variant
rs34173062,MAF1,ENSG00000179632,ENST00000964344,intron_variant,MODIFIER,,missense_variant
rs34173062,MAF1,ENSG00000179632,ENST00000964345,upstream_gene_variant,MODIFIER,172.0,missense_variant
rs34173062,MAF1,ENSG00000179632,ENST00000964346,upstream_gene_variant,MODIFIER,351.0,missense_variant
rs34173062,MAF1,ENSG00000179632,ENST00000964347,upstream_gene_variant,MODIFIER,351.0,missense_variant
rs34173062,MAF1,ENSG00000179632,ENST00000964348,upstream_gene_variant,MODIFIER,351.0,missense_variant
rs34173062,MAF1,ENSG00000179632,ENST00000964349,upstream_gene_variant,MODIFIER,351.0,missense_variant
rs34173062,MAF1,ENSG00000179632,ENST00000964350,upstream_gene_variant,MODIFIER,1258.0,missense_variant
rs34173062,SHARPIN,ENSG00000179526,ENST00000982331,missense_variant,MODERATE,,missense_variant
rs34173062,SHARPIN,ENSG00000179526,ENST00000982332,"missense_variant,NMD_transcript_variant",MODERATE,,missense_variant
rs34173062,SHARPIN,ENSG00000179526,ENST00000982333,missense_variant,MODERATE,,missense_variant
rs34173062,SHARPIN,ENSG00000179526,ENST00000982334,missense_variant,MODERATE,,missense_variant
rs34173062,SHARPIN,ENSG00000179526,ENST00000982335,missense_variant,MODERATE,,missense_variant
rs34173062,SHARPIN,ENSG00000179526,ENST00000982336,"missense_variant,NMD_transcript_variant",MODERATE,,missense_variant
rs34173062,SHARPIN,ENSG00000179526,ENST00000982337,"missense_variant,NMD_transcript_variant",MODERATE,,missense_variant
rs34173062,SHARPIN,ENSG00000179526,ENST00000982338,"missense_variant,NMD_transcript_variant",MODERATE,,missense_variant
rs34173062,MAF1,ENSG00000179632,ENST00000982466,upstream_gene_variant,MODIFIER,351.0,missense_variant
rs34173062,SHARPIN,ENSG00000179526,ENST00001013006,missense_variant,MODERATE,,missense_variant
rs34173062,SHARPIN,ENSG00000179526,ENST00001013009,missense_variant,MODERATE,,missense_variant
rs34173062,SHARPIN,ENSG00000179526,ENST00001013011,"missense_variant,NMD_transcript_variant",MODERATE,,missense_variant
rs34173062,SHARPIN,ENSG00000179526,ENST00001013012,"missense_variant,NMD_transcript_variant",MODERATE,,missense_variant
rs34173062,SHARPIN,ENSG00000179526,ENST00001013014,"missense_variant,NMD_transcript_variant",MODERATE,,missense_variant
rs34173062,SHARPIN,ENSG00000179526,ENST00001013018,missense_variant,MODERATE,,missense_variant
rs34173062,MAF1,ENSG00000179632,ENST00001013210,upstream_gene_variant,MODIFIER,84.0,missense_variant
rs34173062,MAF1,ENSG00000179632,ENST00001013212,upstream_gene_variant,MODIFIER,756.0,missense_variant
rs34173062,MAF1,ENSG00000179632,ENST00001013213,upstream_gene_variant,MODIFIER,757.0,missense_variant
rs34173062,MAF1,ENSG00000179632,ENST00001013215,upstream_gene_variant,MODIFIER,351.0,missense_variant
rs34173062,MAF1,ENSG00000179632,ENST00001013216,upstream_gene_variant,MODIFIER,756.0,missense_variant
rs34173062,MAF1,ENSG00000179632,ENST00001013220,upstream_gene_variant,MODIFIER,351.0,missense_variant
rs34173062,MAF1,ENSG00000179632,ENST00001013222,upstream_gene_variant,MODIFIER,351.0,missense_variant
rs34173062,MAF1,ENSG00000179632,ENST00001013223,upstream_gene_variant,MODIFIER,351.0,missense_variant
rs34173062,MAF1,ENSG00000179632,ENST00001075592,upstream_gene_variant,MODIFIER,792.0,missense_variant
rs34173062,MAF1,ENSG00000179632,ENST00001119668,upstream_gene_variant,MODIFIER,351.0,missense_variant
rs34173062,SHARPIN,ENSG00000179526,ENST00001125193,"missense_variant,NMD_transcript_variant",MODERATE,,missense_variant
rs34173062,MAF1,ENSG00000179632,ENST00001125215,upstream_gene_variant,MODIFIER,351.0,missense_variant
rs34173062,MAF1,ENSG00000179632,ENST00001125216,upstream_gene_variant,MODIFIER,351.0,missense_variant
rs34173062,MAF1,ENSG00000179632,ENST00001125217,upstream_gene_variant,MODIFIER,351.0,missense_variant
rs34173062,MAF1,ENSG00000179632,ENST00001125218,upstream_gene_variant,MODIFIER,351.0,missense_variant
rs34173062,MAF1,ENSG00000179632,ENST00001133581,upstream_gene_variant,MODIFIER,351.0,missense_variant
rs34173062,SHARPIN,ENSG00000179526,ENST00001133845,missense_variant,MODERATE,,missense_variant
rs11787077,CLU,ENSG00000120885,ENST00000316403,intron_variant,MODIFIER,,intron_variant
rs11787077,CLU,ENSG00000120885,ENST00000405140,intron_variant,MODIFIER,,intron_variant
rs11787077,CLU,ENSG00000120885,ENST00000518050,downstream_gene_variant,MODIFIER,746.0,intron_variant
rs11787077,CLU,ENSG00000120885,ENST00000519472,downstream_gene_variant,MODIFIER,1142.0,intron_variant
rs11787077,CLU,ENSG00000120885,ENST00000519742,intron_variant,MODIFIER,,intron_variant
rs11787077,CLU,ENSG00000120885,ENST00000520491,intron_variant,MODIFIER,,intron_variant
rs11787077,CLU,ENSG00000120885,ENST00000520796,intron_variant,MODIFIER,,intron_variant
rs11787077,CLU,ENSG00000120885,ENST00000522098,upstream_gene_variant,MODIFIER,2456.0,intron_variant
rs11787077,CLU,ENSG00000120885,ENST00000522238,downstream_gene_variant,MODIFIER,2681.0,intron_variant
rs11787077,CLU,ENSG00000120885,ENST00000522299,"intron_variant,non_coding_transcript_variant",MODIFIER,,intron_variant
rs11787077,CLU,ENSG00000120885,ENST00000522413,intron_variant,MODIFIER,,intron_variant
rs11787077,CLU,ENSG00000120885,ENST00000522502,upstream_gene_variant,MODIFIER,2456.0,intron_variant
rs11787077,CLU,ENSG00000120885,ENST00000523396,downstream_gene_variant,MODIFIER,1142.0,intron_variant
rs11787077,CLU,ENSG00000120885,ENST00000523500,intron_variant,MODIFIER,,intron_variant
rs11787077,CLU,ENSG00000120885,ENST00000523589,intron_variant,MODIFIER,,intron_variant
rs11787077,CLU,ENSG00000120885,ENST00000560566,intron_variant,MODIFIER,,intron_variant
rs11787077,MIR6843,ENSG00000284280,ENST00000617673,downstream_gene_variant,MODIFIER,2806.0,intron_variant
rs11787077,CLU,ENSG00000120885,ENST00000877514,intron_variant,MODIFIER,,intron_variant
rs11787077,CLU,ENSG00000120885,ENST00000877515,intron_variant,MODIFIER,,intron_variant
rs11787077,CLU,ENSG00000120885,ENST00000877516,intron_variant,MODIFIER,,intron_variant
rs11787077,CLU,ENSG00000120885,ENST00000877517,intron_variant,MODIFIER,,intron_variant
rs11787077,CLU,ENSG00000120885,ENST00000877518,intron_variant,MODIFIER,,intron_variant
rs11787077,CLU,ENSG00000120885,ENST00000877519,intron_variant,MODIFIER,,intron_variant
rs11787077,CLU,ENSG00000120885,ENST00000877520,intron_variant,MODIFIER,,intron_variant
rs11787077,CLU,ENSG00000120885,ENST00000877521,intron_variant,MODIFIER,,intron_variant
rs11787077,CLU,ENSG00000120885,ENST00000877522,intron_variant,MODIFIER,,intron_variant
rs11787077,CLU,ENSG00000120885,ENST00000877523,intron_variant,MODIFIER,,intron_variant
rs11787077,CLU,ENSG00000120885,ENST00000877524,intron_variant,MODIFIER,,intron_variant
rs11787077,CLU,ENSG00000120885,ENST00000877525,intron_variant,MODIFIER,,intron_variant
rs11787077,CLU,ENSG00000120885,ENST00000877526,intron_variant,MODIFIER,,intron_variant
rs11787077,CLU,ENSG00000120885,ENST00000877527,intron_variant,MODIFIER,,intron_variant
rs11787077,CLU,ENSG00000120885,ENST00000877528,intron_variant,MODIFIER,,intron_variant
rs11787077,CLU,ENSG00000120885,ENST00000877529,intron_variant,MODIFIER,,intron_variant
rs11787077,CLU,ENSG00000120885,ENST00000877530,intron_variant,MODIFIER,,intron_variant
rs11787077,CLU,ENSG00000120885,ENST00000877531,intron_variant,MODIFIER,,intron_variant
rs11787077,CLU,ENSG00000120885,ENST00000877532,intron_variant,MODIFIER,,intron_variant
rs11787077,CLU,ENSG00000120885,ENST00000877533,intron_variant,MODIFIER,,intron_variant
rs11787077,CLU,ENSG00000120885,ENST00000877534,intron_variant,MODIFIER,,intron_variant
rs11787077,CLU,ENSG00000120885,ENST00000877535,intron_variant,MODIFIER,,intron_variant
rs11787077,CLU,ENSG00000120885,ENST00000877536,intron_variant,MODIFIER,,intron_variant
rs11787077,CLU,ENSG00000120885,ENST00000877537,intron_variant,MODIFIER,,intron_variant
rs11787077,CLU,ENSG00000120885,ENST00000877538,intron_variant,MODIFIER,,intron_variant
rs11787077,CLU,ENSG00000120885,ENST00000877539,intron_variant,MODIFIER,,intron_variant
rs11787077,CLU,ENSG00000120885,ENST00000877540,intron_variant,MODIFIER,,intron_variant
rs11787077,CLU,ENSG00000120885,ENST00000877541,intron_variant,MODIFIER,,intron_variant
rs11787077,CLU,ENSG00000120885,ENST00000877542,intron_variant,MODIFIER,,intron_variant
rs11787077,CLU,ENSG00000120885,ENST00000877543,intron_variant,MODIFIER,,intron_variant
rs11787077,CLU,ENSG00000120885,ENST00000877544,intron_variant,MODIFIER,,intron_variant
rs11787077,CLU,ENSG00000120885,ENST00000877545,intron_variant,MODIFIER,,intron_variant
rs11787077,CLU,ENSG00000120885,ENST00000877546,intron_variant,MODIFIER,,intron_variant
rs11787077,CLU,ENSG00000120885,ENST00000877547,intron_variant,MODIFIER,,intron_variant
rs11787077,CLU,ENSG00000120885,ENST00000877548,intron_variant,MODIFIER,,intron_variant
rs11787077,CLU,ENSG00000120885,ENST00000877549,intron_variant,MODIFIER,,intron_variant
rs11787077,CLU,ENSG00000120885,ENST00000877550,intron_variant,MODIFIER,,intron_variant
rs11787077,CLU,ENSG00000120885,ENST00000877551,intron_variant,MODIFIER,,intron_variant
rs11787077,CLU,ENSG00000120885,ENST00000877552,intron_variant,MODIFIER,,intron_variant
rs11787077,CLU,ENSG00000120885,ENST00000877553,intron_variant,MODIFIER,,intron_variant
rs11787077,CLU,ENSG00000120885,ENST00000877554,intron_variant,MODIFIER,,intron_variant
rs11787077,CLU,ENSG00000120885,ENST00000877555,intron_variant,MODIFIER,,intron_variant
rs11787077,CLU,ENSG00000120885,ENST00000877556,intron_variant,MODIFIER,,intron_variant
rs11787077,CLU,ENSG00000120885,ENST00000877557,intron_variant,MODIFIER,,intron_variant
rs11787077,CLU,ENSG00000120885,ENST00000877558,intron_variant,MODIFIER,,intron_variant
rs11787077,CLU,ENSG00000120885,ENST00000912677,intron_variant,MODIFIER,,intron_variant
rs11787077,CLU,ENSG00000120885,ENST00000967026,intron_variant,MODIFIER,,intron_variant
rs11787077,CLU,ENSG00000120885,ENST00000967027,intron_variant,MODIFIER,,intron_variant
rs11787077,CLU,ENSG00000120885,ENST00000967028,intron_variant,MODIFIER,,intron_variant
rs11787077,CLU,ENSG00000120885,ENST00000967029,intron_variant,MODIFIER,,intron_variant
rs11787077,CLU,ENSG00000120885,ENST00000999203,intron_variant,MODIFIER,,intron_variant
rs11787077,CLU,ENSG00000120885,ENST00000999206,"intron_variant,NMD_transcript_variant",MODIFIER,,intron_variant
rs11787077,CLU,ENSG00000120885,ENST00000999213,intron_variant,MODIFIER,,intron_variant
rs11787077,CLU,ENSG00000120885,ENST00000999228,"intron_variant,NMD_transcript_variant",MODIFIER,,intron_variant
rs11787077,CLU,ENSG00000120885,ENST00000999241,"intron_variant,NMD_transcript_variant",MODIFIER,,intron_variant
rs11787077,CLU,ENSG00000120885,ENST00000999248,intron_variant,MODIFIER,,intron_variant
rs11787077,CLU,ENSG00000120885,ENST00000999272,intron_variant,MODIFIER,,intron_variant
rs11787077,CLU,ENSG00000120885,ENST00000999276,"intron_variant,NMD_transcript_variant",MODIFIER,,intron_variant
rs11787077,CLU,ENSG00000120885,ENST00000999285,"intron_variant,NMD_transcript_variant",MODIFIER,,intron_variant
rs11787077,CLU,ENSG00000120885,ENST00000999318,"intron_variant,NMD_transcript_variant",MODIFIER,,intron_variant
rs11787077,CLU,ENSG00000120885,ENST00000999340,intron_variant,MODIFIER,,intron_variant
rs11787077,CLU,ENSG00000120885,ENST00000999345,intron_variant,MODIFIER,,intron_variant
rs11787077,CLU,ENSG00000120885,ENST00001024909,"intron_variant,NMD_transcript_variant",MODIFIER,,intron_variant
rs11787077,CLU,ENSG00000120885,ENST00001024917,"intron_variant,NMD_transcript_variant",MODIFIER,,intron_variant
rs11787077,CLU,ENSG00000120885,ENST00001024919,intron_variant,MODIFIER,,intron_variant
rs11787077,CLU,ENSG00000120885,ENST00001082716,intron_variant,MODIFIER,,intron_variant
rs11787077,CLU,ENSG00000120885,ENST00001091065,"intron_variant,NMD_transcript_variant",MODIFIER,,intron_variant
rs11787077,CLU,ENSG00000120885,ENST00001091066,intron_variant,MODIFIER,,intron_variant
rs11787077,CLU,ENSG00000120885,ENST00001107466,intron_variant,MODIFIER,,intron_variant
rs11787077,CLU,ENSG00000120885,ENST00001107467,intron_variant,MODIFIER,,intron_variant
rs11787077,CLU,ENSG00000120885,ENST00001107468,intron_variant,MODIFIER,,intron_variant
rs11787077,CLU,ENSG00000120885,ENST00001107469,downstream_gene_variant,MODIFIER,147.0,intron_variant
rs11787077,CLU,ENSG00000120885,ENST00001107470,downstream_gene_variant,MODIFIER,144.0,intron_variant
rs11787077,CLU,ENSG00000120885,ENST00001122882,intron_variant,MODIFIER,,intron_variant
rs11787077,CLU,ENSG00000120885,ENST00001122883,intron_variant,MODIFIER,,intron_variant
rs11787077,CLU,ENSG00000120885,ENST00001128902,downstream_gene_variant,MODIFIER,2126.0,intron_variant
rs11787077,CLU,ENSG00000120885,ENST00001128903,downstream_gene_variant,MODIFIER,2128.0,intron_variant
rs11787077,CLU,ENSG00000120885,ENST00001135123,intron_variant,MODIFIER,,intron_variant
rs73223431,PTK2B,ENSG00000120899,ENST00000346049,intron_variant,MODIFIER,,intron_variant
rs73223431,PTK2B,ENSG00000120899,ENST00000397501,intron_variant,MODIFIER,,intron_variant
rs73223431,PTK2B,ENSG00000120899,ENST00000420218,intron_variant,MODIFIER,,intron_variant
rs73223431,PTK2B,ENSG00000120899,ENST00000521164,intron_variant,MODIFIER,,intron_variant
rs73223431,PTK2B,ENSG00000120899,ENST00000522338,intron_variant,MODIFIER,,intron_variant
rs73223431,PTK2B,ENSG00000120899,ENST00000522517,intron_variant,MODIFIER,,intron_variant
rs73223431,PTK2B,ENSG00000120899,ENST00000894136,intron_variant,MODIFIER,,intron_variant
rs73223431,PTK2B,ENSG00000120899,ENST00000894137,intron_variant,MODIFIER,,intron_variant
rs73223431,PTK2B,ENSG00000120899,ENST00000894138,intron_variant,MODIFIER,,intron_variant
rs73223431,PTK2B,ENSG00000120899,ENST00000894139,intron_variant,MODIFIER,,intron_variant
rs73223431,PTK2B,ENSG00000120899,ENST00000894140,intron_variant,MODIFIER,,intron_variant
rs73223431,PTK2B,ENSG00000120899,ENST00000894141,intron_variant,MODIFIER,,intron_variant
rs73223431,PTK2B,ENSG00000120899,ENST00000894142,intron_variant,MODIFIER,,intron_variant
rs73223431,PTK2B,ENSG00000120899,ENST00000894143,intron_variant,MODIFIER,,intron_variant
rs73223431,PTK2B,ENSG00000120899,ENST00000894144,intron_variant,MODIFIER,,intron_variant
rs73223431,PTK2B,ENSG00000120899,ENST00000894145,intron_variant,MODIFIER,,intron_variant
rs73223431,PTK2B,ENSG00000120899,ENST00000894146,intron_variant,MODIFIER,,intron_variant
rs73223431,PTK2B,ENSG00000120899,ENST00000894147,intron_variant,MODIFIER,,intron_variant
rs73223431,PTK2B,ENSG00000120899,ENST00000894148,intron_variant,MODIFIER,,intron_variant
rs73223431,PTK2B,ENSG00000120899,ENST00000894149,intron_variant,MODIFIER,,intron_variant
rs73223431,PTK2B,ENSG00000120899,ENST00000894150,intron_variant,MODIFIER,,intron_variant
rs73223431,PTK2B,ENSG00000120899,ENST00000894151,intron_variant,MODIFIER,,intron_variant
rs73223431,PTK2B,ENSG00000120899,ENST00000894152,intron_variant,MODIFIER,,intron_variant
rs73223431,PTK2B,ENSG00000120899,ENST00000894153,intron_variant,MODIFIER,,intron_variant
rs73223431,PTK2B,ENSG00000120899,ENST00000913748,intron_variant,MODIFIER,,intron_variant
rs73223431,PTK2B,ENSG00000120899,ENST00000913749,intron_variant,MODIFIER,,intron_variant
rs73223431,PTK2B,ENSG00000120899,ENST00000913750,intron_variant,MODIFIER,,intron_variant
rs73223431,PTK2B,ENSG00000120899,ENST00000913751,intron_variant,MODIFIER,,intron_variant
rs73223431,PTK2B,ENSG00000120899,ENST00000956521,intron_variant,MODIFIER,,intron_variant
rs73223431,PTK2B,ENSG00000120899,ENST00000956522,intron_variant,MODIFIER,,intron_variant
rs73223431,PTK2B,ENSG00000120899,ENST00000956523,intron_variant,MODIFIER,,intron_variant
rs73223431,PTK2B,ENSG00000120899,ENST00000956524,intron_variant,MODIFIER,,intron_variant
rs73223431,PTK2B,ENSG00000120899,ENST00000956525,intron_variant,MODIFIER,,intron_variant
rs73223431,PTK2B,ENSG00000120899,ENST00000956526,intron_variant,MODIFIER,,intron_variant
rs73223431,PTK2B,ENSG00000120899,ENST00001043152,intron_variant,MODIFIER,,intron_variant
rs73223431,PTK2B,ENSG00000120899,ENST00001106117,intron_variant,MODIFIER,,intron_variant
rs73223431,PTK2B,ENSG00000120899,ENST00001133034,intron_variant,MODIFIER,,intron_variant
rs1065712,CTSB,ENSG00000164733,ENST00000345125,3_prime_UTR_variant,MODIFIER,,3_prime_UTR_variant
rs1065712,CTSB,ENSG00000164733,ENST00000353047,3_prime_UTR_variant,MODIFIER,,3_prime_UTR_variant
rs1065712,CTSB,ENSG00000164733,ENST00000420692,non_coding_transcript_exon_variant,MODIFIER,,3_prime_UTR_variant
rs1065712,CTSB,ENSG00000164733,ENST00000453527,3_prime_UTR_variant,MODIFIER,,3_prime_UTR_variant
rs1065712,CTSB,ENSG00000164733,ENST00000505496,3_prime_UTR_variant,MODIFIER,,3_prime_UTR_variant
rs1065712,CTSB,ENSG00000164733,ENST00000524500,3_prime_UTR_variant,MODIFIER,,3_prime_UTR_variant
rs1065712,CTSB,ENSG00000164733,ENST00000525076,non_coding_transcript_exon_variant,MODIFIER,,3_prime_UTR_variant
rs1065712,CTSB,ENSG00000164733,ENST00000526195,3_prime_UTR_variant,MODIFIER,,3_prime_UTR_variant
rs1065712,CTSB,ENSG00000164733,ENST00000526645,3_prime_UTR_variant,MODIFIER,,3_prime_UTR_variant
rs1065712,CTSB,ENSG00000164733,ENST00000527215,3_prime_UTR_variant,MODIFIER,,3_prime_UTR_variant
rs1065712,CTSB,ENSG00000164733,ENST00000527243,downstream_gene_variant,MODIFIER,15.0,3_prime_UTR_variant
rs1065712,CTSB,ENSG00000164733,ENST00000528965,3_prime_UTR_variant,MODIFIER,,3_prime_UTR_variant
rs1065712,CTSB,ENSG00000164733,ENST00000530290,downstream_gene_variant,MODIFIER,2504.0,3_prime_UTR_variant
rs1065712,CTSB,ENSG00000164733,ENST00000530296,downstream_gene_variant,MODIFIER,15.0,3_prime_UTR_variant
rs1065712,CTSB,ENSG00000164733,ENST00000530640,intron_variant,MODIFIER,,3_prime_UTR_variant
rs1065712,CTSB,ENSG00000164733,ENST00000531089,intron_variant,MODIFIER,,3_prime_UTR_variant
rs1065712,CTSB,ENSG00000164733,ENST00000531502,3_prime_UTR_variant,MODIFIER,,3_prime_UTR_variant
rs1065712,CTSB,ENSG00000164733,ENST00000531551,"3_prime_UTR_variant,NMD_transcript_variant",MODIFIER,,3_prime_UTR_variant
rs1065712,CTSB,ENSG00000164733,ENST00000532392,3_prime_UTR_variant,MODIFIER,,3_prime_UTR_variant
rs1065712,CTSB,ENSG00000164733,ENST00000532409,non_coding_transcript_exon_variant,MODIFIER,,3_prime_UTR_variant
rs1065712,CTSB,ENSG00000164733,ENST00000532656,3_prime_UTR_variant,MODIFIER,,3_prime_UTR_variant
rs1065712,CTSB,ENSG00000164733,ENST00000533455,3_prime_UTR_variant,MODIFIER,,3_prime_UTR_variant
rs1065712,CTSB,ENSG00000164733,ENST00000533572,3_prime_UTR_variant,MODIFIER,,3_prime_UTR_variant
rs1065712,CTSB,ENSG00000164733,ENST00000534149,3_prime_UTR_variant,MODIFIER,,3_prime_UTR_variant
rs1065712,CTSB,ENSG00000164733,ENST00000534382,3_prime_UTR_variant,MODIFIER,,3_prime_UTR_variant
rs1065712,CTSB,ENSG00000164733,ENST00000534510,3_prime_UTR_variant,MODIFIER,,3_prime_UTR_variant
rs1065712,CTSB,ENSG00000164733,ENST00000534636,downstream_gene_variant,MODIFIER,1451.0,3_prime_UTR_variant
rs1065712,CTSB,ENSG00000164733,ENST00000676502,intron_variant,MODIFIER,,3_prime_UTR_variant
rs1065712,CTSB,ENSG00000164733,ENST00000676691,3_prime_UTR_variant,MODIFIER,,3_prime_UTR_variant
rs1065712,CTSB,ENSG00000164733,ENST00000676755,3_prime_UTR_variant,MODIFIER,,3_prime_UTR_variant
rs1065712,CTSB,ENSG00000164733,ENST00000676825,3_prime_UTR_variant,MODIFIER,,3_prime_UTR_variant
rs1065712,CTSB,ENSG00000164733,ENST00000676843,3_prime_UTR_variant,MODIFIER,,3_prime_UTR_variant
rs1065712,CTSB,ENSG00000164733,ENST00000676952,3_prime_UTR_variant,MODIFIER,,3_prime_UTR_variant
rs1065712,CTSB,ENSG00000164733,ENST00000677047,3_prime_UTR_variant,MODIFIER,,3_prime_UTR_variant
rs1065712,CTSB,ENSG00000164733,ENST00000677082,3_prime_UTR_variant,MODIFIER,,3_prime_UTR_variant
rs1065712,CTSB,ENSG00000164733,ENST00000677283,"3_prime_UTR_variant,NMD_transcript_variant",MODIFIER,,3_prime_UTR_variant
rs1065712,CTSB,ENSG00000164733,ENST00000677366,3_prime_UTR_variant,MODIFIER,,3_prime_UTR_variant
rs1065712,CTSB,ENSG00000164733,ENST00000677415,3_prime_UTR_variant,MODIFIER,,3_prime_UTR_variant
rs1065712,CTSB,ENSG00000164733,ENST00000677418,3_prime_UTR_variant,MODIFIER,,3_prime_UTR_variant
rs1065712,CTSB,ENSG00000164733,ENST00000677544,3_prime_UTR_variant,MODIFIER,,3_prime_UTR_variant
rs1065712,CTSB,ENSG00000164733,ENST00000677650,3_prime_UTR_variant,MODIFIER,,3_prime_UTR_variant
rs1065712,CTSB,ENSG00000164733,ENST00000677671,3_prime_UTR_variant,MODIFIER,,3_prime_UTR_variant
rs1065712,CTSB,ENSG00000164733,ENST00000677819,3_prime_UTR_variant,MODIFIER,,3_prime_UTR_variant
rs1065712,CTSB,ENSG00000164733,ENST00000677865,"3_prime_UTR_variant,NMD_transcript_variant",MODIFIER,,3_prime_UTR_variant
rs1065712,CTSB,ENSG00000164733,ENST00000677873,3_prime_UTR_variant,MODIFIER,,3_prime_UTR_variant
rs1065712,CTSB,ENSG00000164733,ENST00000678067,3_prime_UTR_variant,MODIFIER,,3_prime_UTR_variant
rs1065712,CTSB,ENSG00000164733,ENST00000678092,3_prime_UTR_variant,MODIFIER,,3_prime_UTR_variant
rs1065712,CTSB,ENSG00000164733,ENST00000678145,3_prime_UTR_variant,MODIFIER,,3_prime_UTR_variant
rs1065712,CTSB,ENSG00000164733,ENST00000678242,3_prime_UTR_variant,MODIFIER,,3_prime_UTR_variant
rs1065712,CTSB,ENSG00000164733,ENST00000678357,3_prime_UTR_variant,MODIFIER,,3_prime_UTR_variant
rs1065712,CTSB,ENSG00000164733,ENST00000678598,3_prime_UTR_variant,MODIFIER,,3_prime_UTR_variant
rs1065712,CTSB,ENSG00000164733,ENST00000678615,3_prime_UTR_variant,MODIFIER,,3_prime_UTR_variant
rs1065712,CTSB,ENSG00000164733,ENST00000678629,3_prime_UTR_variant,MODIFIER,,3_prime_UTR_variant
rs1065712,CTSB,ENSG00000164733,ENST00000678929,3_prime_UTR_variant,MODIFIER,,3_prime_UTR_variant
rs1065712,CTSB,ENSG00000164733,ENST00000679051,3_prime_UTR_variant,MODIFIER,,3_prime_UTR_variant
rs1065712,CTSB,ENSG00000164733,ENST00000679121,3_prime_UTR_variant,MODIFIER,,3_prime_UTR_variant
rs1065712,CTSB,ENSG00000164733,ENST00000679128,3_prime_UTR_variant,MODIFIER,,3_prime_UTR_variant
rs1065712,CTSB,ENSG00000164733,ENST00000679140,3_prime_UTR_variant,MODIFIER,,3_prime_UTR_variant
rs1065712,CTSB,ENSG00000164733,ENST00000679214,"3_prime_UTR_variant,NMD_transcript_variant",MODIFIER,,3_prime_UTR_variant
rs1065712,CTSB,ENSG00000164733,ENST00000900653,3_prime_UTR_variant,MODIFIER,,3_prime_UTR_variant
rs1065712,CTSB,ENSG00000164733,ENST00000900654,3_prime_UTR_variant,MODIFIER,,3_prime_UTR_variant
rs1065712,CTSB,ENSG00000164733,ENST00000900655,3_prime_UTR_variant,MODIFIER,,3_prime_UTR_variant
rs1065712,CTSB,ENSG00000164733,ENST00000900656,3_prime_UTR_variant,MODIFIER,,3_prime_UTR_variant
rs1065712,CTSB,ENSG00000164733,ENST00000900657,3_prime_UTR_variant,MODIFIER,,3_prime_UTR_variant
rs1065712,CTSB,ENSG00000164733,ENST00000900658,3_prime_UTR_variant,MODIFIER,,3_prime_UTR_variant
rs1065712,CTSB,ENSG00000164733,ENST00000900659,3_prime_UTR_variant,MODIFIER,,3_prime_UTR_variant
rs1065712,CTSB,ENSG00000164733,ENST00000900660,3_prime_UTR_variant,MODIFIER,,3_prime_UTR_variant
rs1065712,CTSB,ENSG00000164733,ENST00000900661,3_prime_UTR_variant,MODIFIER,,3_prime_UTR_variant
rs1065712,CTSB,ENSG00000164733,ENST00000900662,3_prime_UTR_variant,MODIFIER,,3_prime_UTR_variant
rs1065712,CTSB,ENSG00000164733,ENST00000900663,3_prime_UTR_variant,MODIFIER,,3_prime_UTR_variant
rs1065712,CTSB,ENSG00000164733,ENST00000900664,3_prime_UTR_variant,MODIFIER,,3_prime_UTR_variant
rs1065712,CTSB,ENSG00000164733,ENST00000900665,3_prime_UTR_variant,MODIFIER,,3_prime_UTR_variant
rs1065712,CTSB,ENSG00000164733,ENST00000900666,3_prime_UTR_variant,MODIFIER,,3_prime_UTR_variant
rs1065712,CTSB,ENSG00000164733,ENST00000900667,3_prime_UTR_variant,MODIFIER,,3_prime_UTR_variant
rs1065712,CTSB,ENSG00000164733,ENST00000900668,3_prime_UTR_variant,MODIFIER,,3_prime_UTR_variant
rs1065712,CTSB,ENSG00000164733,ENST00000900669,3_prime_UTR_variant,MODIFIER,,3_prime_UTR_variant
rs1065712,CTSB,ENSG00000164733,ENST00000900670,3_prime_UTR_variant,MODIFIER,,3_prime_UTR_variant
rs1065712,CTSB,ENSG00000164733,ENST00000900671,3_prime_UTR_variant,MODIFIER,,3_prime_UTR_variant
rs1065712,CTSB,ENSG00000164733,ENST00000900672,3_prime_UTR_variant,MODIFIER,,3_prime_UTR_variant
rs1065712,CTSB,ENSG00000164733,ENST00000900673,3_prime_UTR_variant,MODIFIER,,3_prime_UTR_variant
rs1065712,CTSB,ENSG00000164733,ENST00000900674,3_prime_UTR_variant,MODIFIER,,3_prime_UTR_variant
rs1065712,CTSB,ENSG00000164733,ENST00000900675,3_prime_UTR_variant,MODIFIER,,3_prime_UTR_variant
rs1065712,CTSB,ENSG00000164733,ENST00000900676,3_prime_UTR_variant,MODIFIER,,3_prime_UTR_variant
rs1065712,CTSB,ENSG00000164733,ENST00000900677,3_prime_UTR_variant,MODIFIER,,3_prime_UTR_variant
rs1065712,CTSB,ENSG00000164733,ENST00000900678,3_prime_UTR_variant,MODIFIER,,3_prime_UTR_variant
rs1065712,CTSB,ENSG00000164733,ENST00000900679,3_prime_UTR_variant,MODIFIER,,3_prime_UTR_variant
rs1065712,CTSB,ENSG00000164733,ENST00000900680,3_prime_UTR_variant,MODIFIER,,3_prime_UTR_variant
rs1065712,CTSB,ENSG00000164733,ENST00000900681,3_prime_UTR_variant,MODIFIER,,3_prime_UTR_variant
rs1065712,CTSB,ENSG00000164733,ENST00000900682,3_prime_UTR_variant,MODIFIER,,3_prime_UTR_variant
rs1065712,CTSB,ENSG00000164733,ENST00000900683,3_prime_UTR_variant,MODIFIER,,3_prime_UTR_variant
rs1065712,CTSB,ENSG00000164733,ENST00000900684,3_prime_UTR_variant,MODIFIER,,3_prime_UTR_variant
rs1065712,CTSB,ENSG00000164733,ENST00000900685,3_prime_UTR_variant,MODIFIER,,3_prime_UTR_variant
rs1065712,CTSB,ENSG00000164733,ENST00000900686,3_prime_UTR_variant,MODIFIER,,3_prime_UTR_variant
rs1065712,CTSB,ENSG00000164733,ENST00000900687,3_prime_UTR_variant,MODIFIER,,3_prime_UTR_variant
rs1065712,CTSB,ENSG00000164733,ENST00000900688,3_prime_UTR_variant,MODIFIER,,3_prime_UTR_variant
rs1065712,CTSB,ENSG00000164733,ENST00000900689,3_prime_UTR_variant,MODIFIER,,3_prime_UTR_variant
rs1065712,CTSB,ENSG00000164733,ENST00000900690,3_prime_UTR_variant,MODIFIER,,3_prime_UTR_variant
rs1065712,CTSB,ENSG00000164733,ENST00000900691,3_prime_UTR_variant,MODIFIER,,3_prime_UTR_variant
rs1065712,CTSB,ENSG00000164733,ENST00000900692,3_prime_UTR_variant,MODIFIER,,3_prime_UTR_variant
rs1065712,CTSB,ENSG00000164733,ENST00000900693,3_prime_UTR_variant,MODIFIER,,3_prime_UTR_variant
rs1065712,CTSB,ENSG00000164733,ENST00000900694,3_prime_UTR_variant,MODIFIER,,3_prime_UTR_variant
rs1065712,CTSB,ENSG00000164733,ENST00000900695,3_prime_UTR_variant,MODIFIER,,3_prime_UTR_variant
rs1065712,CTSB,ENSG00000164733,ENST00000939174,3_prime_UTR_variant,MODIFIER,,3_prime_UTR_variant
rs1065712,CTSB,ENSG00000164733,ENST00000939175,3_prime_UTR_variant,MODIFIER,,3_prime_UTR_variant
rs1065712,CTSB,ENSG00000164733,ENST00000947600,3_prime_UTR_variant,MODIFIER,,3_prime_UTR_variant
rs1065712,CTSB,ENSG00000164733,ENST00000947601,3_prime_UTR_variant,MODIFIER,,3_prime_UTR_variant
rs1065712,CTSB,ENSG00000164733,ENST00000947602,3_prime_UTR_variant,MODIFIER,,3_prime_UTR_variant
rs1065712,CTSB,ENSG00000164733,ENST00000947603,3_prime_UTR_variant,MODIFIER,,3_prime_UTR_variant
rs1065712,CTSB,ENSG00000164733,ENST00000947604,3_prime_UTR_variant,MODIFIER,,3_prime_UTR_variant
rs1065712,CTSB,ENSG00000164733,ENST00000947605,3_prime_UTR_variant,MODIFIER,,3_prime_UTR_variant
rs1065712,CTSB,ENSG00000164733,ENST00000947606,3_prime_UTR_variant,MODIFIER,,3_prime_UTR_variant
rs1065712,CTSB,ENSG00000164733,ENST00000947607,3_prime_UTR_variant,MODIFIER,,3_prime_UTR_variant
rs1065712,CTSB,ENSG00000164733,ENST00000947608,3_prime_UTR_variant,MODIFIER,,3_prime_UTR_variant
rs1065712,CTSB,ENSG00000164733,ENST00000947609,3_prime_UTR_variant,MODIFIER,,3_prime_UTR_variant
rs1065712,CTSB,ENSG00000164733,ENST00000947610,3_prime_UTR_variant,MODIFIER,,3_prime_UTR_variant
rs1065712,CTSB,ENSG00000164733,ENST00000947611,3_prime_UTR_variant,MODIFIER,,3_prime_UTR_variant
rs1065712,CTSB,ENSG00000164733,ENST00000947612,3_prime_UTR_variant,MODIFIER,,3_prime_UTR_variant
rs1065712,CTSB,ENSG00000164733,ENST00000947613,3_prime_UTR_variant,MODIFIER,,3_prime_UTR_variant
rs1065712,CTSB,ENSG00000164733,ENST00000947614,3_prime_UTR_variant,MODIFIER,,3_prime_UTR_variant
rs1065712,CTSB,ENSG00000164733,ENST00000947615,3_prime_UTR_variant,MODIFIER,,3_prime_UTR_variant
rs1065712,CTSB,ENSG00000164733,ENST00000947616,3_prime_UTR_variant,MODIFIER,,3_prime_UTR_variant
rs1065712,CTSB,ENSG00000164733,ENST00000947617,3_prime_UTR_variant,MODIFIER,,3_prime_UTR_variant
rs1065712,CTSB,ENSG00000164733,ENST00000947618,3_prime_UTR_variant,MODIFIER,,3_prime_UTR_variant
rs1065712,CTSB,ENSG00000164733,ENST00000947619,3_prime_UTR_variant,MODIFIER,,3_prime_UTR_variant
rs1065712,CTSB,ENSG00000164733,ENST00000947620,3_prime_UTR_variant,MODIFIER,,3_prime_UTR_variant
rs1065712,CTSB,ENSG00000164733,ENST00000947621,3_prime_UTR_variant,MODIFIER,,3_prime_UTR_variant
rs1065712,CTSB,ENSG00000164733,ENST00000947622,3_prime_UTR_variant,MODIFIER,,3_prime_UTR_variant
rs1065712,CTSB,ENSG00000164733,ENST00000947623,3_prime_UTR_variant,MODIFIER,,3_prime_UTR_variant
rs1065712,CTSB,ENSG00000164733,ENST00000947624,3_prime_UTR_variant,MODIFIER,,3_prime_UTR_variant
rs1065712,CTSB,ENSG00000164733,ENST00000947625,3_prime_UTR_variant,MODIFIER,,3_prime_UTR_variant
rs1065712,CTSB,ENSG00000164733,ENST00000947626,3_prime_UTR_variant,MODIFIER,,3_prime_UTR_variant
rs1065712,CTSB,ENSG00000164733,ENST00000947627,3_prime_UTR_variant,MODIFIER,,3_prime_UTR_variant
rs1065712,CTSB,ENSG00000164733,ENST00000947628,3_prime_UTR_variant,MODIFIER,,3_prime_UTR_variant
rs1065712,CTSB,ENSG00000164733,ENST00000947629,3_prime_UTR_variant,MODIFIER,,3_prime_UTR_variant
rs1065712,CTSB,ENSG00000164733,ENST00000947630,3_prime_UTR_variant,MODIFIER,,3_prime_UTR_variant
rs1065712,CTSB,ENSG00000164733,ENST00000947631,3_prime_UTR_variant,MODIFIER,,3_prime_UTR_variant
rs1065712,CTSB,ENSG00000164733,ENST00000947632,3_prime_UTR_variant,MODIFIER,,3_prime_UTR_variant
rs1065712,CTSB,ENSG00000164733,ENST00000947633,3_prime_UTR_variant,MODIFIER,,3_prime_UTR_variant
rs1065712,CTSB,ENSG00000164733,ENST00000947634,3_prime_UTR_variant,MODIFIER,,3_prime_UTR_variant
rs1065712,CTSB,ENSG00000164733,ENST00000947635,3_prime_UTR_variant,MODIFIER,,3_prime_UTR_variant
rs1065712,CTSB,ENSG00000164733,ENST00000947636,3_prime_UTR_variant,MODIFIER,,3_prime_UTR_variant
rs1065712,CTSB,ENSG00000164733,ENST00000947637,3_prime_UTR_variant,MODIFIER,,3_prime_UTR_variant
rs1065712,CTSB,ENSG00000164733,ENST00000947638,3_prime_UTR_variant,MODIFIER,,3_prime_UTR_variant
rs1065712,CTSB,ENSG00000164733,ENST00000947639,3_prime_UTR_variant,MODIFIER,,3_prime_UTR_variant
rs1065712,CTSB,ENSG00000164733,ENST00000947640,3_prime_UTR_variant,MODIFIER,,3_prime_UTR_variant
rs1065712,CTSB,ENSG00000164733,ENST00000947641,3_prime_UTR_variant,MODIFIER,,3_prime_UTR_variant
rs1065712,CTSB,ENSG00000164733,ENST00000947642,3_prime_UTR_variant,MODIFIER,,3_prime_UTR_variant
rs1065712,CTSB,ENSG00000164733,ENST00000947643,3_prime_UTR_variant,MODIFIER,,3_prime_UTR_variant
rs1065712,CTSB,ENSG00000164733,ENST00000947644,3_prime_UTR_variant,MODIFIER,,3_prime_UTR_variant
rs1065712,CTSB,ENSG00000164733,ENST00000947645,3_prime_UTR_variant,MODIFIER,,3_prime_UTR_variant
rs1065712,CTSB,ENSG00000164733,ENST00000947646,3_prime_UTR_variant,MODIFIER,,3_prime_UTR_variant
rs1065712,CTSB,ENSG00000164733,ENST00000947647,3_prime_UTR_variant,MODIFIER,,3_prime_UTR_variant
rs1065712,CTSB,ENSG00000164733,ENST00000947648,3_prime_UTR_variant,MODIFIER,,3_prime_UTR_variant
rs1065712,CTSB,ENSG00000164733,ENST00000947649,3_prime_UTR_variant,MODIFIER,,3_prime_UTR_variant
rs1065712,CTSB,ENSG00000164733,ENST00000947650,3_prime_UTR_variant,MODIFIER,,3_prime_UTR_variant
rs1065712,CTSB,ENSG00000164733,ENST00000947651,3_prime_UTR_variant,MODIFIER,,3_prime_UTR_variant
rs1065712,CTSB,ENSG00000164733,ENST00000947652,3_prime_UTR_variant,MODIFIER,,3_prime_UTR_variant
rs1065712,CTSB,ENSG00000164733,ENST00000947653,3_prime_UTR_variant,MODIFIER,,3_prime_UTR_variant
rs1065712,CTSB,ENSG00000164733,ENST00000947654,3_prime_UTR_variant,MODIFIER,,3_prime_UTR_variant
rs1065712,CTSB,ENSG00000164733,ENST00000947655,3_prime_UTR_variant,MODIFIER,,3_prime_UTR_variant
rs1065712,CTSB,ENSG00000164733,ENST00000947656,3_prime_UTR_variant,MODIFIER,,3_prime_UTR_variant
rs1065712,CTSB,ENSG00000164733,ENST00000947657,3_prime_UTR_variant,MODIFIER,,3_prime_UTR_variant
rs1065712,CTSB,ENSG00000164733,ENST00000947658,3_prime_UTR_variant,MODIFIER,,3_prime_UTR_variant
rs1065712,CTSB,ENSG00000164733,ENST00000947659,3_prime_UTR_variant,MODIFIER,,3_prime_UTR_variant
rs1065712,CTSB,ENSG00000164733,ENST00000947660,3_prime_UTR_variant,MODIFIER,,3_prime_UTR_variant
rs1065712,CTSB,ENSG00000164733,ENST00000947661,3_prime_UTR_variant,MODIFIER,,3_prime_UTR_variant
rs1065712,CTSB,ENSG00000164733,ENST00000947662,3_prime_UTR_variant,MODIFIER,,3_prime_UTR_variant
rs1065712,CTSB,ENSG00000164733,ENST00000947663,3_prime_UTR_variant,MODIFIER,,3_prime_UTR_variant
rs1065712,CTSB,ENSG00000164733,ENST00000947664,3_prime_UTR_variant,MODIFIER,,3_prime_UTR_variant
rs1065712,CTSB,ENSG00000164733,ENST00000947665,3_prime_UTR_variant,MODIFIER,,3_prime_UTR_variant
rs1065712,CTSB,ENSG00000164733,ENST00000947666,3_prime_UTR_variant,MODIFIER,,3_prime_UTR_variant
rs1065712,CTSB,ENSG00000164733,ENST00000947667,3_prime_UTR_variant,MODIFIER,,3_prime_UTR_variant
rs1065712,CTSB,ENSG00000164733,ENST00000947668,3_prime_UTR_variant,MODIFIER,,3_prime_UTR_variant
rs1065712,CTSB,ENSG00000164733,ENST00000947669,3_prime_UTR_variant,MODIFIER,,3_prime_UTR_variant
rs1065712,CTSB,ENSG00000164733,ENST00000947670,3_prime_UTR_variant,MODIFIER,,3_prime_UTR_variant
rs1065712,CTSB,ENSG00000164733,ENST00000947671,3_prime_UTR_variant,MODIFIER,,3_prime_UTR_variant
rs1065712,CTSB,ENSG00000164733,ENST00000947672,3_prime_UTR_variant,MODIFIER,,3_prime_UTR_variant
rs1065712,CTSB,ENSG00000164733,ENST00000947673,3_prime_UTR_variant,MODIFIER,,3_prime_UTR_variant
rs1065712,CTSB,ENSG00000164733,ENST00000947674,3_prime_UTR_variant,MODIFIER,,3_prime_UTR_variant
rs1065712,CTSB,ENSG00000164733,ENST00000947675,3_prime_UTR_variant,MODIFIER,,3_prime_UTR_variant
rs1065712,CTSB,ENSG00000164733,ENST00000947676,3_prime_UTR_variant,MODIFIER,,3_prime_UTR_variant
rs1065712,CTSB,ENSG00000164733,ENST00000947677,3_prime_UTR_variant,MODIFIER,,3_prime_UTR_variant
rs1065712,CTSB,ENSG00000164733,ENST00000947678,3_prime_UTR_variant,MODIFIER,,3_prime_UTR_variant
rs1065712,CTSB,ENSG00000164733,ENST00000947679,3_prime_UTR_variant,MODIFIER,,3_prime_UTR_variant
rs1065712,CTSB,ENSG00000164733,ENST00000947680,3_prime_UTR_variant,MODIFIER,,3_prime_UTR_variant
rs1065712,CTSB,ENSG00000164733,ENST00000947681,3_prime_UTR_variant,MODIFIER,,3_prime_UTR_variant
rs1065712,CTSB,ENSG00000164733,ENST00000947682,3_prime_UTR_variant,MODIFIER,,3_prime_UTR_variant
rs1065712,CTSB,ENSG00000164733,ENST00000947683,3_prime_UTR_variant,MODIFIER,,3_prime_UTR_variant
rs1065712,CTSB,ENSG00000164733,ENST00000947684,3_prime_UTR_variant,MODIFIER,,3_prime_UTR_variant
rs1065712,CTSB,ENSG00000164733,ENST00000947685,3_prime_UTR_variant,MODIFIER,,3_prime_UTR_variant
rs1065712,CTSB,ENSG00000164733,ENST00000947686,3_prime_UTR_variant,MODIFIER,,3_prime_UTR_variant
rs1065712,CTSB,ENSG00000164733,ENST00000947687,3_prime_UTR_variant,MODIFIER,,3_prime_UTR_variant
rs1065712,CTSB,ENSG00000164733,ENST00000947688,downstream_gene_variant,MODIFIER,136.0,3_prime_UTR_variant
rs1065712,CTSB,ENSG00000164733,ENST00000947689,3_prime_UTR_variant,MODIFIER,,3_prime_UTR_variant
rs1065712,CTSB,ENSG00000164733,ENST00000947690,downstream_gene_variant,MODIFIER,140.0,3_prime_UTR_variant
rs1065712,CTSB,ENSG00000164733,ENST00000947691,downstream_gene_variant,MODIFIER,137.0,3_prime_UTR_variant
rs1065712,CTSB,ENSG00000164733,ENST00000947692,3_prime_UTR_variant,MODIFIER,,3_prime_UTR_variant
rs1065712,CTSB,ENSG00000164733,ENST00000947693,3_prime_UTR_variant,MODIFIER,,3_prime_UTR_variant
rs1065712,CTSB,ENSG00000164733,ENST00000978601,intron_variant,MODIFIER,,3_prime_UTR_variant
rs1065712,CTSB,ENSG00000164733,ENST00000978608,"3_prime_UTR_variant,NMD_transcript_variant",MODIFIER,,3_prime_UTR_variant
rs1065712,CTSB,ENSG00000164733,ENST00000978609,"3_prime_UTR_variant,NMD_transcript_variant",MODIFIER,,3_prime_UTR_variant
rs1065712,CTSB,ENSG00000164733,ENST00000978610,"3_prime_UTR_variant,NMD_transcript_variant",MODIFIER,,3_prime_UTR_variant
rs1065712,CTSB,ENSG00000164733,ENST00000978611,3_prime_UTR_variant,MODIFIER,,3_prime_UTR_variant
rs1065712,CTSB,ENSG00000164733,ENST00000978612,3_prime_UTR_variant,MODIFIER,,3_prime_UTR_variant
rs1065712,CTSB,ENSG00000164733,ENST00000978615,downstream_gene_variant,MODIFIER,1452.0,3_prime_UTR_variant
rs1065712,CTSB,ENSG00000164733,ENST00001021514,3_prime_UTR_variant,MODIFIER,,3_prime_UTR_variant
rs1065712,CTSB,ENSG00000164733,ENST00001021517,"3_prime_UTR_variant,NMD_transcript_variant",MODIFIER,,3_prime_UTR_variant
rs1065712,CTSB,ENSG00000164733,ENST00001021521,"3_prime_UTR_variant,NMD_transcript_variant",MODIFIER,,3_prime_UTR_variant
rs1065712,CTSB,ENSG00000164733,ENST00001021523,3_prime_UTR_variant,MODIFIER,,3_prime_UTR_variant
rs1065712,CTSB,ENSG00000164733,ENST00001021525,"3_prime_UTR_variant,NMD_transcript_variant",MODIFIER,,3_prime_UTR_variant
rs1065712,CTSB,ENSG00000164733,ENST00001021526,3_prime_UTR_variant,MODIFIER,,3_prime_UTR_variant
rs1065712,CTSB,ENSG00000164733,ENST00001021527,"3_prime_UTR_variant,NMD_transcript_variant",MODIFIER,,3_prime_UTR_variant
rs1065712,CTSB,ENSG00000164733,ENST00001021530,"3_prime_UTR_variant,NMD_transcript_variant",MODIFIER,,3_prime_UTR_variant
rs1065712,CTSB,ENSG00000164733,ENST00001021532,"3_prime_UTR_variant,NMD_transcript_variant",MODIFIER,,3_prime_UTR_variant
rs1065712,CTSB,ENSG00000164733,ENST00001021535,"3_prime_UTR_variant,NMD_transcript_variant",MODIFIER,,3_prime_UTR_variant
rs1065712,CTSB,ENSG00000164733,ENST00001021537,"3_prime_UTR_variant,NMD_transcript_variant",MODIFIER,,3_prime_UTR_variant
rs1065712,CTSB,ENSG00000164733,ENST00001021539,3_prime_UTR_variant,MODIFIER,,3_prime_UTR_variant
rs1065712,CTSB,ENSG00000164733,ENST00001021542,3_prime_UTR_variant,MODIFIER,,3_prime_UTR_variant
rs1065712,CTSB,ENSG00000164733,ENST00001021547,"3_prime_UTR_variant,NMD_transcript_variant",MODIFIER,,3_prime_UTR_variant
rs1065712,CTSB,ENSG00000164733,ENST00001021548,"3_prime_UTR_variant,NMD_transcript_variant",MODIFIER,,3_prime_UTR_variant
rs1065712,CTSB,ENSG00000164733,ENST00001021550,downstream_gene_variant,MODIFIER,1454.0,3_prime_UTR_variant
rs1065712,CTSB,ENSG00000164733,ENST00001100054,intron_variant,MODIFIER,,3_prime_UTR_variant
rs1065712,FDFT1,ENSG00000079459,ENST00001118289,intron_variant,MODIFIER,,3_prime_UTR_variant
rs1065712,FDFT1,ENSG00000079459,ENST00001118290,downstream_gene_variant,MODIFIER,4916.0,3_prime_UTR_variant
rs1065712,CTSB,ENSG00000164733,ENST00001124464,3_prime_UTR_variant,MODIFIER,,3_prime_UTR_variant
rs1065712,FDFT1,ENSG00000079459,ENST00001124523,intron_variant,MODIFIER,,3_prime_UTR_variant
rs1065712,FDFT1,ENSG00000079459,ENST00001130889,intron_variant,MODIFIER,,3_prime_UTR_variant
rs1065712,CTSB,ENSG00000164733,ENST00001135206,3_prime_UTR_variant,MODIFIER,,3_prime_UTR_variant
rs1065712,CTSB,ENSG00000285132,ENST00000646105,3_prime_UTR_variant,MODIFIER,,3_prime_UTR_variant
rs1065712,CTSB,ENSG00000285132,ENST00000646239,3_prime_UTR_variant,MODIFIER,,3_prime_UTR_variant
rs1065712,CTSB,ENSG00000285132,ENST00000710700,3_prime_UTR_variant,MODIFIER,,3_prime_UTR_variant
rs1065712,CTSB,ENSG00000285132,ENST00000710701,downstream_gene_variant,MODIFIER,1451.0,3_prime_UTR_variant
rs1065712,CTSB,ENSG00000285132,ENST00000710702,3_prime_UTR_variant,MODIFIER,,3_prime_UTR_variant
rs1065712,CTSB,ENSG00000285132,ENST00000710703,3_prime_UTR_variant,MODIFIER,,3_prime_UTR_variant
rs1065712,CTSB,ENSG00000285132,ENST00000710704,intron_variant,MODIFIER,,3_prime_UTR_variant
rs1065712,CTSB,ENSG00000285132,ENST00000710705,3_prime_UTR_variant,MODIFIER,,3_prime_UTR_variant
rs1065712,CTSB,ENSG00000285132,ENST00000710706,"3_prime_UTR_variant,NMD_transcript_variant",MODIFIER,,3_prime_UTR_variant
rs1065712,CTSB,ENSG00000285132,ENST00000710713,3_prime_UTR_variant,MODIFIER,,3_prime_UTR_variant
rs1065712,CTSB,ENSG00000285132,ENST00000710714,3_prime_UTR_variant,MODIFIER,,3_prime_UTR_variant
rs1065712,CTSB,ENSG00000285132,ENST00000710715,3_prime_UTR_variant,MODIFIER,,3_prime_UTR_variant
rs1065712,CTSB,ENSG00000285132,ENST00000710716,3_prime_UTR_variant,MODIFIER,,3_prime_UTR_variant
rs1065712,CTSB,ENSG00000285132,ENST00000710717,3_prime_UTR_variant,MODIFIER,,3_prime_UTR_variant
rs1065712,CTSB,ENSG00000285132,ENST00000710718,downstream_gene_variant,MODIFIER,15.0,3_prime_UTR_variant
rs1065712,CTSB,ENSG00000285132,ENST00000710719,3_prime_UTR_variant,MODIFIER,,3_prime_UTR_variant
rs1065712,CTSB,ENSG00000285132,ENST00000710720,3_prime_UTR_variant,MODIFIER,,3_prime_UTR_variant
rs1065712,CTSB,ENSG00000285132,ENST00000710721,3_prime_UTR_variant,MODIFIER,,3_prime_UTR_variant
rs1065712,CTSB,ENSG00000285132,ENST00000710722,3_prime_UTR_variant,MODIFIER,,3_prime_UTR_variant
rs1065712,CTSB,ENSG00000285132,ENST00000710723,3_prime_UTR_variant,MODIFIER,,3_prime_UTR_variant
rs1065712,CTSB,ENSG00000285132,ENST00000710724,3_prime_UTR_variant,MODIFIER,,3_prime_UTR_variant
rs1065712,CTSB,ENSG00000285132,ENST00000710725,3_prime_UTR_variant,MODIFIER,,3_prime_UTR_variant
rs1065712,CTSB,ENSG00000285132,ENST00000710726,3_prime_UTR_variant,MODIFIER,,3_prime_UTR_variant
rs1065712,CTSB,ENSG00000285132,ENST00000710727,3_prime_UTR_variant,MODIFIER,,3_prime_UTR_variant
rs1065712,CTSB,ENSG00000285132,ENST00000710728,3_prime_UTR_variant,MODIFIER,,3_prime_UTR_variant
rs1065712,CTSB,ENSG00000285132,ENST00000710729,3_prime_UTR_variant,MODIFIER,,3_prime_UTR_variant
rs1065712,CTSB,ENSG00000285132,ENST00000710730,3_prime_UTR_variant,MODIFIER,,3_prime_UTR_variant
rs1065712,CTSB,ENSG00000285132,ENST00000710731,3_prime_UTR_variant,MODIFIER,,3_prime_UTR_variant
rs1065712,CTSB,ENSG00000285132,ENST00000710732,3_prime_UTR_variant,MODIFIER,,3_prime_UTR_variant
rs1065712,CTSB,ENSG00000285132,ENST00000710742,3_prime_UTR_variant,MODIFIER,,3_prime_UTR_variant
rs1065712,CTSB,ENSG00000285132,ENST00000710743,3_prime_UTR_variant,MODIFIER,,3_prime_UTR_variant
rs1065712,CTSB,ENSG00000285132,ENST00000710744,downstream_gene_variant,MODIFIER,15.0,3_prime_UTR_variant
rs1065712,CTSB,ENSG00000285132,ENST00000710745,3_prime_UTR_variant,MODIFIER,,3_prime_UTR_variant
rs1065712,CTSB,ENSG00000285132,ENST00000710746,3_prime_UTR_variant,MODIFIER,,3_prime_UTR_variant
rs1065712,CTSB,ENSG00000285132,ENST00000710747,3_prime_UTR_variant,MODIFIER,,3_prime_UTR_variant
rs1065712,CTSB,ENSG00000285132,ENST00000710748,3_prime_UTR_variant,MODIFIER,,3_prime_UTR_variant
rs1065712,CTSB,ENSG00000285132,ENST00000710749,intron_variant,MODIFIER,,3_prime_UTR_variant
rs1065712,CTSB,ENSG00000285132,ENST00000710750,3_prime_UTR_variant,MODIFIER,,3_prime_UTR_variant
rs1065712,CTSB,ENSG00000285132,ENST00000710751,3_prime_UTR_variant,MODIFIER,,3_prime_UTR_variant
rs1065712,CTSB,ENSG00000285132,ENST00000710752,3_prime_UTR_variant,MODIFIER,,3_prime_UTR_variant
rs1065712,CTSB,ENSG00000285132,ENST00000710753,3_prime_UTR_variant,MODIFIER,,3_prime_UTR_variant
rs1065712,CTSB,ENSG00000285132,ENST00000710754,3_prime_UTR_variant,MODIFIER,,3_prime_UTR_variant
rs1065712,CTSB,ENSG00000285132,ENST00000710755,3_prime_UTR_variant,MODIFIER,,3_prime_UTR_variant
rs1065712,CTSB,ENSG00000285132,ENST00000710756,"3_prime_UTR_variant,NMD_transcript_variant",MODIFIER,,3_prime_UTR_variant
rs1065712,CTSB,ENSG00000285132,ENST00000710757,3_prime_UTR_variant,MODIFIER,,3_prime_UTR_variant
rs1065712,CTSB,ENSG00000285132,ENST00000710758,3_prime_UTR_variant,MODIFIER,,3_prime_UTR_variant
rs1065712,CTSB,ENSG00000285132,ENST00000710759,3_prime_UTR_variant,MODIFIER,,3_prime_UTR_variant
rs1065712,CTSB,ENSG00000285132,ENST00000710760,"3_prime_UTR_variant,NMD_transcript_variant",MODIFIER,,3_prime_UTR_variant
rs1065712,CTSB,ENSG00000285132,ENST00000710761,3_prime_UTR_variant,MODIFIER,,3_prime_UTR_variant
rs1065712,CTSB,ENSG00000285132,ENST00000710762,3_prime_UTR_variant,MODIFIER,,3_prime_UTR_variant
rs1065712,CTSB,ENSG00000285132,ENST00000710763,3_prime_UTR_variant,MODIFIER,,3_prime_UTR_variant
rs1065712,CTSB,ENSG00000285132,ENST00000710764,3_prime_UTR_variant,MODIFIER,,3_prime_UTR_variant
rs1065712,CTSB,ENSG00000285132,ENST00000710765,3_prime_UTR_variant,MODIFIER,,3_prime_UTR_variant
rs1065712,CTSB,ENSG00000285132,ENST00000710766,downstream_gene_variant,MODIFIER,467.0,3_prime_UTR_variant
rs1065712,CTSB,ENSG00000285132,ENST00000710767,"3_prime_UTR_variant,NMD_transcript_variant",MODIFIER,,3_prime_UTR_variant
rs1065712,CTSB,ENSG00000285132,ENST00000710768,non_coding_transcript_exon_variant,MODIFIER,,3_prime_UTR_variant
rs1065712,CTSB,ENSG00000285132,ENST00000710769,downstream_gene_variant,MODIFIER,2504.0,3_prime_UTR_variant
rs11771145,EPHA1,ENSG00000146904,ENST00000275815,upstream_gene_variant,MODIFIER,4813.0,intron_variant
rs11771145,EPHA1-AS1,ENSG00000229153,ENST00000421648,"intron_variant,non_coding_transcript_variant",MODIFIER,,intron_variant
rs11771145,EPHA1-AS1,ENSG00000229153,ENST00000429289,"intron_variant,non_coding_transcript_variant",MODIFIER,,intron_variant
rs11771145,EPHA1,ENSG00000146904,ENST00000488068,upstream_gene_variant,MODIFIER,4864.0,intron_variant
rs11771145,EPHA1-AS1,ENSG00000229153,ENST00000690912,"intron_variant,non_coding_transcript_variant",MODIFIER,,intron_variant
rs11771145,EPHA1-AS1,ENSG00000229153,ENST00000692812,"intron_variant,non_coding_transcript_variant",MODIFIER,,intron_variant
rs11771145,EPHA1-AS1,ENSG00000229153,ENST00000703017,"intron_variant,non_coding_transcript_variant",MODIFIER,,intron_variant
rs11771145,EPHA1-AS1,ENSG00000229153,ENST00000841052,"intron_variant,non_coding_transcript_variant",MODIFIER,,intron_variant
rs11771145,EPHA1-AS1,ENSG00000229153,ENST00000841053,"intron_variant,non_coding_transcript_variant",MODIFIER,,intron_variant
rs11771145,EPHA1-AS1,ENSG00000229153,ENST00000841054,"intron_variant,non_coding_transcript_variant",MODIFIER,,intron_variant
rs11771145,EPHA1-AS1,ENSG00000229153,ENST00000841055,"intron_variant,non_coding_transcript_variant",MODIFIER,,intron_variant
rs11771145,EPHA1-AS1,ENSG00000229153,ENST00000841057,"intron_variant,non_coding_transcript_variant",MODIFIER,,intron_variant
rs11771145,EPHA1-AS1,ENSG00000229153,ENST00000841063,"intron_variant,non_coding_transcript_variant",MODIFIER,,intron_variant
rs11771145,EPHA1-AS1,ENSG00000229153,ENST00000841064,"intron_variant,non_coding_transcript_variant",MODIFIER,,intron_variant
rs11771145,EPHA1-AS1,ENSG00000229153,ENST00000841072,"intron_variant,non_coding_transcript_variant",MODIFIER,,intron_variant
rs11771145,EPHA1-AS1,ENSG00000229153,ENST00000841073,"intron_variant,non_coding_transcript_variant",MODIFIER,,intron_variant
rs11771145,EPHA1-AS1,ENSG00000229153,ENST00000841074,"intron_variant,non_coding_transcript_variant",MODIFIER,,intron_variant
rs11771145,EPHA1-AS1,ENSG00000229153,ENST00000841075,"intron_variant,non_coding_transcript_variant",MODIFIER,,intron_variant
rs11771145,EPHA1-AS1,ENSG00000229153,ENST00000841076,"intron_variant,non_coding_transcript_variant",MODIFIER,,intron_variant
rs11771145,EPHA1-AS1,ENSG00000229153,ENST00000841077,"intron_variant,non_coding_transcript_variant",MODIFIER,,intron_variant
rs11771145,EPHA1-AS1,ENSG00000229153,ENST00000841078,"intron_variant,non_coding_transcript_variant",MODIFIER,,intron_variant
rs11771145,EPHA1-AS1,ENSG00000229153,ENST00000841079,"intron_variant,non_coding_transcript_variant",MODIFIER,,intron_variant
rs11771145,EPHA1-AS1,ENSG00000229153,ENST00000841080,"intron_variant,non_coding_transcript_variant",MODIFIER,,intron_variant
rs11771145,EPHA1-AS1,ENSG00000229153,ENST00000841081,"intron_variant,non_coding_transcript_variant",MODIFIER,,intron_variant
rs11771145,EPHA1-AS1,ENSG00000229153,ENST00000841082,"intron_variant,non_coding_transcript_variant",MODIFIER,,intron_variant
rs11771145,EPHA1-AS1,ENSG00000229153,ENST00000841083,"intron_variant,non_coding_transcript_variant",MODIFIER,,intron_variant
rs11771145,EPHA1-AS1,ENSG00000229153,ENST00000841084,"intron_variant,non_coding_transcript_variant",MODIFIER,,intron_variant
rs11771145,EPHA1-AS1,ENSG00000229153,ENST00000841085,"intron_variant,non_coding_transcript_variant",MODIFIER,,intron_variant
rs11771145,EPHA1-AS1,ENSG00000229153,ENST00000841088,upstream_gene_variant,MODIFIER,399.0,intron_variant
rs11771145,EPHA1,ENSG00000146904,ENST00000919331,upstream_gene_variant,MODIFIER,4789.0,intron_variant
rs11771145,EPHA1,ENSG00000146904,ENST00001135353,upstream_gene_variant,MODIFIER,4789.0,intron_variant
rs11771145,EPHA1-AS1,ENSG00000285468,ENST00000642718,"intron_variant,non_coding_transcript_variant",MODIFIER,,intron_variant
rs11771145,EPHA1,ENSG00000284816,ENST00000645847,upstream_gene_variant,MODIFIER,4813.0,intron_variant
rs11771145,EPHA1-AS1,ENSG00000285468,ENST00000646518,"intron_variant,non_coding_transcript_variant",MODIFIER,,intron_variant
rs11771145,EPHA1,ENSG00000284816,ENST00000647400,upstream_gene_variant,MODIFIER,4864.0,intron_variant
rs7384878,Y_RNA,ENSG00000201913,ENST00000365043,upstream_gene_variant,MODIFIER,3549.0,intron_variant
rs7384878,STAG3L5P-PVRIG2P-PILRB,ENSG00000272752,ENST00000414292,upstream_gene_variant,MODIFIER,1699.0,intron_variant
rs7384878,STAG3L5P-PVRIG2P-PILRB,ENSG00000272752,ENST00000422479,upstream_gene_variant,MODIFIER,1699.0,intron_variant
rs7384878,PMS2P1,ENSG00000078319,ENST00000431037,"intron_variant,non_coding_transcript_variant",MODIFIER,,intron_variant
rs7384878,STAG3L5P-PVRIG2P-PILRB,ENSG00000272752,ENST00000434211,upstream_gene_variant,MODIFIER,3151.0,intron_variant
rs7384878,STAG3L5P,ENSG00000242294,ENST00000443759,upstream_gene_variant,MODIFIER,3771.0,intron_variant
rs7384878,STAG3L5P-PVRIG2P-PILRB,ENSG00000272752,ENST00000473757,upstream_gene_variant,MODIFIER,1653.0,intron_variant
rs7384878,STAG3L5P-PVRIG2P-PILRB,ENSG00000272752,ENST00000488972,upstream_gene_variant,MODIFIER,1986.0,intron_variant
rs7384878,STAG3L5P-PVRIG2P-PILRB,ENSG00000272752,ENST00000493499,upstream_gene_variant,MODIFIER,3751.0,intron_variant
rs7384878,,ENSG00000291178,ENST00000674524,"intron_variant,non_coding_transcript_variant",MODIFIER,,intron_variant
rs7384878,,ENSG00000291178,ENST00000674747,"intron_variant,non_coding_transcript_variant",MODIFIER,,intron_variant
rs7384878,,ENSG00000291178,ENST00000674842,"intron_variant,non_coding_transcript_variant",MODIFIER,,intron_variant
rs7384878,,ENSG00000291178,ENST00000674972,"intron_variant,non_coding_transcript_variant",MODIFIER,,intron_variant
rs7384878,,ENSG00000291178,ENST00000674981,upstream_gene_variant,MODIFIER,1884.0,intron_variant
rs7384878,,ENSG00000291178,ENST00000675106,"intron_variant,non_coding_transcript_variant",MODIFIER,,intron_variant
rs7384878,,ENSG00000291178,ENST00000675162,"intron_variant,non_coding_transcript_variant",MODIFIER,,intron_variant
rs7384878,,ENSG00000291178,ENST00000675486,"intron_variant,non_coding_transcript_variant",MODIFIER,,intron_variant
rs7384878,,ENSG00000291178,ENST00000675610,"intron_variant,non_coding_transcript_variant",MODIFIER,,intron_variant
rs7384878,,ENSG00000291178,ENST00000675620,"intron_variant,non_coding_transcript_variant",MODIFIER,,intron_variant
rs7384878,,ENSG00000291178,ENST00000675639,"intron_variant,non_coding_transcript_variant",MODIFIER,,intron_variant
rs7384878,,ENSG00000291178,ENST00000675640,"intron_variant,non_coding_transcript_variant",MODIFIER,,intron_variant
rs7384878,,ENSG00000291178,ENST00000675679,"intron_variant,non_coding_transcript_variant",MODIFIER,,intron_variant
rs7384878,,ENSG00000291178,ENST00000675836,"intron_variant,non_coding_transcript_variant",MODIFIER,,intron_variant
rs7384878,,ENSG00000291178,ENST00000675889,"intron_variant,non_coding_transcript_variant",MODIFIER,,intron_variant
rs7384878,,ENSG00000291178,ENST00000675918,"intron_variant,non_coding_transcript_variant",MODIFIER,,intron_variant
rs7384878,,ENSG00000291178,ENST00000676109,"intron_variant,non_coding_transcript_variant",MODIFIER,,intron_variant
rs7384878,,ENSG00000291178,ENST00000676155,"intron_variant,non_coding_transcript_variant",MODIFIER,,intron_variant
rs7384878,,ENSG00000291178,ENST00000676198,"intron_variant,non_coding_transcript_variant",MODIFIER,,intron_variant
rs7384878,,ENSG00000291178,ENST00000676200,"intron_variant,non_coding_transcript_variant",MODIFIER,,intron_variant
rs7384878,,ENSG00000291178,ENST00000676204,"intron_variant,non_coding_transcript_variant",MODIFIER,,intron_variant
rs7384878,,ENSG00000291178,ENST00000676241,"intron_variant,non_coding_transcript_variant",MODIFIER,,intron_variant
rs7384878,,ENSG00000291178,ENST00000676256,upstream_gene_variant,MODIFIER,4675.0,intron_variant
rs7384878,,ENSG00000291178,ENST00000676269,"intron_variant,non_coding_transcript_variant",MODIFIER,,intron_variant
rs7384878,,ENSG00000291178,ENST00000676274,"intron_variant,non_coding_transcript_variant",MODIFIER,,intron_variant
rs7384878,,ENSG00000291178,ENST00000685342,"intron_variant,non_coding_transcript_variant",MODIFIER,,intron_variant
rs7384878,,ENSG00000291178,ENST00000685473,"intron_variant,non_coding_transcript_variant",MODIFIER,,intron_variant
rs7384878,,ENSG00000291178,ENST00000685499,"intron_variant,non_coding_transcript_variant",MODIFIER,,intron_variant
rs7384878,,ENSG00000291178,ENST00000685541,"intron_variant,non_coding_transcript_variant",MODIFIER,,intron_variant
rs7384878,,ENSG00000291178,ENST00000685607,"intron_variant,non_coding_transcript_variant",MODIFIER,,intron_variant
rs7384878,,ENSG00000291178,ENST00000685670,"intron_variant,non_coding_transcript_variant",MODIFIER,,intron_variant
rs7384878,,ENSG00000291178,ENST00000685700,"intron_variant,non_coding_transcript_variant",MODIFIER,,intron_variant
rs7384878,,ENSG00000291178,ENST00000685724,"intron_variant,non_coding_transcript_variant",MODIFIER,,intron_variant
rs7384878,,ENSG00000291178,ENST00000685805,"intron_variant,non_coding_transcript_variant",MODIFIER,,intron_variant
rs7384878,,ENSG00000291178,ENST00000685852,"intron_variant,non_coding_transcript_variant",MODIFIER,,intron_variant
rs7384878,,ENSG00000291178,ENST00000685901,"intron_variant,non_coding_transcript_variant",MODIFIER,,intron_variant
rs7384878,,ENSG00000291178,ENST00000686203,"intron_variant,non_coding_transcript_variant",MODIFIER,,intron_variant
rs7384878,,ENSG00000291178,ENST00000686263,"intron_variant,non_coding_transcript_variant",MODIFIER,,intron_variant
rs7384878,,ENSG00000291178,ENST00000686569,"intron_variant,non_coding_transcript_variant",MODIFIER,,intron_variant
rs7384878,,ENSG00000291178,ENST00000686594,"intron_variant,non_coding_transcript_variant",MODIFIER,,intron_variant
rs7384878,,ENSG00000291178,ENST00000686768,"intron_variant,non_coding_transcript_variant",MODIFIER,,intron_variant
rs7384878,,ENSG00000291178,ENST00000686797,"intron_variant,non_coding_transcript_variant",MODIFIER,,intron_variant
rs7384878,,ENSG00000291178,ENST00000686825,"intron_variant,non_coding_transcript_variant",MODIFIER,,intron_variant
rs7384878,,ENSG00000291178,ENST00000686838,"intron_variant,non_coding_transcript_variant",MODIFIER,,intron_variant
rs7384878,,ENSG00000291178,ENST00000686890,"intron_variant,non_coding_transcript_variant",MODIFIER,,intron_variant
rs7384878,,ENSG00000291178,ENST00000686938,"intron_variant,non_coding_transcript_variant",MODIFIER,,intron_variant
rs7384878,,ENSG00000291178,ENST00000687026,"intron_variant,non_coding_transcript_variant",MODIFIER,,intron_variant
rs7384878,,ENSG00000291178,ENST00000687053,"intron_variant,non_coding_transcript_variant",MODIFIER,,intron_variant
rs7384878,,ENSG00000291178,ENST00000687177,"intron_variant,non_coding_transcript_variant",MODIFIER,,intron_variant
rs7384878,,ENSG00000291178,ENST00000687616,"intron_variant,non_coding_transcript_variant",MODIFIER,,intron_variant
rs7384878,,ENSG00000291178,ENST00000687713,"intron_variant,non_coding_transcript_variant",MODIFIER,,intron_variant
rs7384878,,ENSG00000291178,ENST00000687801,"intron_variant,non_coding_transcript_variant",MODIFIER,,intron_variant
rs7384878,,ENSG00000291178,ENST00000687932,"intron_variant,non_coding_transcript_variant",MODIFIER,,intron_variant
rs7384878,,ENSG00000291178,ENST00000688104,"intron_variant,non_coding_transcript_variant",MODIFIER,,intron_variant
rs7384878,,ENSG00000291178,ENST00000688181,"intron_variant,non_coding_transcript_variant",MODIFIER,,intron_variant
rs7384878,,ENSG00000291178,ENST00000688256,"intron_variant,non_coding_transcript_variant",MODIFIER,,intron_variant
rs7384878,,ENSG00000291178,ENST00000688316,"intron_variant,non_coding_transcript_variant",MODIFIER,,intron_variant
rs7384878,,ENSG00000291178,ENST00000688544,"intron_variant,non_coding_transcript_variant",MODIFIER,,intron_variant
rs7384878,,ENSG00000291178,ENST00000688879,"intron_variant,non_coding_transcript_variant",MODIFIER,,intron_variant
rs7384878,,ENSG00000291178,ENST00000689000,"intron_variant,non_coding_transcript_variant",MODIFIER,,intron_variant
rs7384878,,ENSG00000291178,ENST00000689019,"intron_variant,non_coding_transcript_variant",MODIFIER,,intron_variant
rs7384878,,ENSG00000291178,ENST00000689267,"intron_variant,non_coding_transcript_variant",MODIFIER,,intron_variant
rs7384878,,ENSG00000291178,ENST00000689447,"intron_variant,non_coding_transcript_variant",MODIFIER,,intron_variant
rs7384878,,ENSG00000291178,ENST00000689538,"intron_variant,non_coding_transcript_variant",MODIFIER,,intron_variant
rs7384878,,ENSG00000291178,ENST00000689609,"intron_variant,non_coding_transcript_variant",MODIFIER,,intron_variant
rs7384878,,ENSG00000291178,ENST00000689719,"intron_variant,non_coding_transcript_variant",MODIFIER,,intron_variant
rs7384878,,ENSG00000291178,ENST00000689817,"intron_variant,non_coding_transcript_variant",MODIFIER,,intron_variant
rs7384878,,ENSG00000291178,ENST00000689907,"intron_variant,non_coding_transcript_variant",MODIFIER,,intron_variant
rs7384878,,ENSG00000291178,ENST00000690446,"intron_variant,non_coding_transcript_variant",MODIFIER,,intron_variant
rs7384878,,ENSG00000291178,ENST00000690455,"intron_variant,non_coding_transcript_variant",MODIFIER,,intron_variant
rs7384878,,ENSG00000291178,ENST00000690914,"intron_variant,non_coding_transcript_variant",MODIFIER,,intron_variant
rs7384878,,ENSG00000291178,ENST00000690988,"intron_variant,non_coding_transcript_variant",MODIFIER,,intron_variant
rs7384878,,ENSG00000291178,ENST00000691046,"intron_variant,non_coding_transcript_variant",MODIFIER,,intron_variant
rs7384878,,ENSG00000291178,ENST00000691107,"intron_variant,non_coding_transcript_variant",MODIFIER,,intron_variant
rs7384878,,ENSG00000291178,ENST00000691110,"intron_variant,non_coding_transcript_variant",MODIFIER,,intron_variant
rs7384878,,ENSG00000291178,ENST00000691247,"intron_variant,non_coding_transcript_variant",MODIFIER,,intron_variant
rs7384878,,ENSG00000291178,ENST00000691275,"intron_variant,non_coding_transcript_variant",MODIFIER,,intron_variant
rs7384878,,ENSG00000291178,ENST00000691365,"intron_variant,non_coding_transcript_variant",MODIFIER,,intron_variant
rs7384878,,ENSG00000291178,ENST00000691424,"intron_variant,non_coding_transcript_variant",MODIFIER,,intron_variant
rs7384878,,ENSG00000291178,ENST00000691428,"intron_variant,non_coding_transcript_variant",MODIFIER,,intron_variant
rs7384878,,ENSG00000291178,ENST00000691660,"intron_variant,non_coding_transcript_variant",MODIFIER,,intron_variant
rs7384878,,ENSG00000291178,ENST00000691707,"intron_variant,non_coding_transcript_variant",MODIFIER,,intron_variant
rs7384878,,ENSG00000291178,ENST00000691816,"intron_variant,non_coding_transcript_variant",MODIFIER,,intron_variant
rs7384878,,ENSG00000291178,ENST00000691842,"intron_variant,non_coding_transcript_variant",MODIFIER,,intron_variant
rs7384878,,ENSG00000291178,ENST00000691905,"intron_variant,non_coding_transcript_variant",MODIFIER,,intron_variant
rs7384878,,ENSG00000291178,ENST00000691910,"intron_variant,non_coding_transcript_variant",MODIFIER,,intron_variant
rs7384878,,ENSG00000291178,ENST00000692066,"intron_variant,non_coding_transcript_variant",MODIFIER,,intron_variant
rs7384878,,ENSG00000291178,ENST00000692106,"intron_variant,non_coding_transcript_variant",MODIFIER,,intron_variant
rs7384878,,ENSG00000291178,ENST00000692231,"intron_variant,non_coding_transcript_variant",MODIFIER,,intron_variant
rs7384878,,ENSG00000291178,ENST00000692261,"intron_variant,non_coding_transcript_variant",MODIFIER,,intron_variant
rs7384878,,ENSG00000291178,ENST00000692351,"intron_variant,non_coding_transcript_variant",MODIFIER,,intron_variant
rs7384878,,ENSG00000291178,ENST00000692535,"intron_variant,non_coding_transcript_variant",MODIFIER,,intron_variant
rs7384878,,ENSG00000291178,ENST00000692575,"intron_variant,non_coding_transcript_variant",MODIFIER,,intron_variant
rs7384878,,ENSG00000291178,ENST00000692675,"intron_variant,non_coding_transcript_variant",MODIFIER,,intron_variant
rs7384878,,ENSG00000291178,ENST00000692687,"intron_variant,non_coding_transcript_variant",MODIFIER,,intron_variant
rs7384878,,ENSG00000291178,ENST00000692752,"intron_variant,non_coding_transcript_variant",MODIFIER,,intron_variant
rs7384878,,ENSG00000291178,ENST00000692947,"intron_variant,non_coding_transcript_variant",MODIFIER,,intron_variant
rs7384878,,ENSG00000291178,ENST00000693010,"intron_variant,non_coding_transcript_variant",MODIFIER,,intron_variant
rs7384878,,ENSG00000291178,ENST00000693042,"intron_variant,non_coding_transcript_variant",MODIFIER,,intron_variant
rs7384878,,ENSG00000291178,ENST00000693192,"intron_variant,non_coding_transcript_variant",MODIFIER,,intron_variant
rs7384878,,ENSG00000291178,ENST00000693215,"intron_variant,non_coding_transcript_variant",MODIFIER,,intron_variant
rs7384878,,ENSG00000291178,ENST00000693302,"intron_variant,non_coding_transcript_variant",MODIFIER,,intron_variant
rs7384878,,ENSG00000291178,ENST00000693338,"intron_variant,non_coding_transcript_variant",MODIFIER,,intron_variant
rs7384878,,ENSG00000291178,ENST00000693490,"intron_variant,non_coding_transcript_variant",MODIFIER,,intron_variant
rs7384878,,ENSG00000291178,ENST00000700850,"intron_variant,non_coding_transcript_variant",MODIFIER,,intron_variant
rs7384878,,ENSG00000291178,ENST00000700905,"intron_variant,non_coding_transcript_variant",MODIFIER,,intron_variant
rs7384878,,ENSG00000291178,ENST00000701011,"intron_variant,non_coding_transcript_variant",MODIFIER,,intron_variant
rs7384878,,ENSG00000291178,ENST00000701138,"intron_variant,non_coding_transcript_variant",MODIFIER,,intron_variant
rs7384878,,ENSG00000291178,ENST00000701204,"intron_variant,non_coding_transcript_variant",MODIFIER,,intron_variant
rs7384878,,ENSG00000291178,ENST00000701370,"intron_variant,non_coding_transcript_variant",MODIFIER,,intron_variant
rs7384878,,ENSG00000291178,ENST00000701582,"intron_variant,non_coding_transcript_variant",MODIFIER,,intron_variant
rs7384878,,ENSG00000291178,ENST00000701649,"intron_variant,non_coding_transcript_variant",MODIFIER,,intron_variant
rs7384878,,ENSG00000291178,ENST00000701653,"intron_variant,non_coding_transcript_variant",MODIFIER,,intron_variant
rs7384878,,ENSG00000291178,ENST00000701849,"intron_variant,non_coding_transcript_variant",MODIFIER,,intron_variant
rs7384878,,ENSG00000291178,ENST00000701970,"intron_variant,non_coding_transcript_variant",MODIFIER,,intron_variant
rs7384878,,ENSG00000291178,ENST00000702039,"intron_variant,non_coding_transcript_variant",MODIFIER,,intron_variant
rs7384878,,ENSG00000291178,ENST00000702062,"intron_variant,non_coding_transcript_variant",MODIFIER,,intron_variant
rs7384878,,ENSG00000291178,ENST00000702164,"intron_variant,non_coding_transcript_variant",MODIFIER,,intron_variant
rs7384878,,ENSG00000291178,ENST00000702222,"intron_variant,non_coding_transcript_variant",MODIFIER,,intron_variant
rs7384878,,ENSG00000291178,ENST00000702228,"intron_variant,non_coding_transcript_variant",MODIFIER,,intron_variant
rs7384878,,ENSG00000291178,ENST00000702250,"intron_variant,non_coding_transcript_variant",MODIFIER,,intron_variant
rs7384878,,ENSG00000291178,ENST00000702301,"intron_variant,non_coding_transcript_variant",MODIFIER,,intron_variant
rs7384878,,ENSG00000291178,ENST00000702364,"intron_variant,non_coding_transcript_variant",MODIFIER,,intron_variant
rs7384878,,ENSG00000291178,ENST00000702448,"intron_variant,non_coding_transcript_variant",MODIFIER,,intron_variant
rs7384878,,ENSG00000291178,ENST00000702527,"intron_variant,non_coding_transcript_variant",MODIFIER,,intron_variant
rs7384878,,ENSG00000291178,ENST00000702566,"intron_variant,non_coding_transcript_variant",MODIFIER,,intron_variant
rs7384878,,ENSG00000291178,ENST00000702596,"intron_variant,non_coding_transcript_variant",MODIFIER,,intron_variant
rs7384878,,ENSG00000291178,ENST00000702608,"intron_variant,non_coding_transcript_variant",MODIFIER,,intron_variant
rs7384878,,ENSG00000291178,ENST00000702615,"intron_variant,non_coding_transcript_variant",MODIFIER,,intron_variant
rs7384878,,ENSG00000291178,ENST00000702701,"intron_variant,non_coding_transcript_variant",MODIFIER,,intron_variant
rs7384878,,ENSG00000291178,ENST00000702718,"intron_variant,non_coding_transcript_variant",MODIFIER,,intron_variant
rs7384878,,ENSG00000291178,ENST00000702720,"intron_variant,non_coding_transcript_variant",MODIFIER,,intron_variant
rs7384878,,ENSG00000291178,ENST00000702773,"intron_variant,non_coding_transcript_variant",MODIFIER,,intron_variant
rs7384878,,ENSG00000291178,ENST00000702791,"intron_variant,non_coding_transcript_variant",MODIFIER,,intron_variant
rs7384878,,ENSG00000291178,ENST00000702822,"intron_variant,non_coding_transcript_variant",MODIFIER,,intron_variant
rs7384878,,ENSG00000291178,ENST00000702891,"intron_variant,non_coding_transcript_variant",MODIFIER,,intron_variant
rs7384878,,ENSG00000291178,ENST00000718500,"intron_variant,non_coding_transcript_variant",MODIFIER,,intron_variant
rs7384878,,ENSG00000291178,ENST00000718501,"intron_variant,non_coding_transcript_variant",MODIFIER,,intron_variant
rs7384878,,ENSG00000291178,ENST00000718502,"intron_variant,non_coding_transcript_variant",MODIFIER,,intron_variant
rs7384878,,ENSG00000293698,ENST00000842201,"intron_variant,non_coding_transcript_variant",MODIFIER,,intron_variant
rs7384878,,ENSG00000293698,ENST00000842202,"intron_variant,non_coding_transcript_variant",MODIFIER,,intron_variant
rs7384878,,ENSG00000293698,ENST00000842203,"intron_variant,non_coding_transcript_variant",MODIFIER,,intron_variant
rs7384878,,ENSG00000291178,ENST00000843375,"intron_variant,non_coding_transcript_variant",MODIFIER,,intron_variant
rs7384878,,ENSG00000291178,ENST00000843376,"intron_variant,non_coding_transcript_variant",MODIFIER,,intron_variant
rs7384878,,ENSG00000291178,ENST00000843377,"intron_variant,non_coding_transcript_variant",MODIFIER,,intron_variant
rs7384878,,ENSG00000291178,ENST00000843378,"intron_variant,non_coding_transcript_variant",MODIFIER,,intron_variant
rs7384878,,ENSG00000291178,ENST00000843379,"intron_variant,non_coding_transcript_variant",MODIFIER,,intron_variant
rs7384878,,ENSG00000291178,ENST00000843380,"intron_variant,non_coding_transcript_variant",MODIFIER,,intron_variant
rs7384878,,ENSG00000291178,ENST00000843381,"intron_variant,non_coding_transcript_variant",MODIFIER,,intron_variant
rs7384878,,ENSG00000291178,ENST00000843382,"intron_variant,non_coding_transcript_variant",MODIFIER,,intron_variant
rs7384878,,ENSG00000291178,ENST00000843383,"intron_variant,non_coding_transcript_variant",MODIFIER,,intron_variant
rs7384878,,ENSG00000291178,ENST00000843384,"intron_variant,non_coding_transcript_variant",MODIFIER,,intron_variant
rs7384878,,ENSG00000291178,ENST00000843385,"intron_variant,non_coding_transcript_variant",MODIFIER,,intron_variant
rs7384878,,ENSG00000291178,ENST00000843386,"intron_variant,non_coding_transcript_variant",MODIFIER,,intron_variant
rs7384878,,ENSG00000291178,ENST00000843387,"intron_variant,non_coding_transcript_variant",MODIFIER,,intron_variant
rs7384878,,ENSG00000291178,ENST00000843388,"intron_variant,non_coding_transcript_variant",MODIFIER,,intron_variant
rs7384878,,ENSG00000291178,ENST00000843389,"intron_variant,non_coding_transcript_variant",MODIFIER,,intron_variant
rs7384878,,ENSG00000291178,ENST00000843390,"intron_variant,non_coding_transcript_variant",MODIFIER,,intron_variant
rs7384878,,ENSG00000291178,ENST00000843391,"intron_variant,non_coding_transcript_variant",MODIFIER,,intron_variant
rs7384878,,ENSG00000291178,ENST00000843392,"intron_variant,non_coding_transcript_variant",MODIFIER,,intron_variant
rs7384878,,ENSG00000291178,ENST00000843393,"intron_variant,non_coding_transcript_variant",MODIFIER,,intron_variant
rs7384878,,ENSG00000291178,ENST00000843394,"intron_variant,non_coding_transcript_variant",MODIFIER,,intron_variant
rs7384878,,ENSG00000291178,ENST00000843395,"intron_variant,non_coding_transcript_variant",MODIFIER,,intron_variant
rs7384878,,ENSG00000291178,ENST00000843396,"intron_variant,non_coding_transcript_variant",MODIFIER,,intron_variant
rs7384878,,ENSG00000291178,ENST00000843397,"intron_variant,non_coding_transcript_variant",MODIFIER,,intron_variant
rs7384878,,ENSG00000291178,ENST00000843398,"intron_variant,non_coding_transcript_variant",MODIFIER,,intron_variant
rs7384878,,ENSG00000291178,ENST00000843399,"intron_variant,non_coding_transcript_variant",MODIFIER,,intron_variant
rs7384878,,ENSG00000291178,ENST00000843400,"intron_variant,non_coding_transcript_variant",MODIFIER,,intron_variant
rs7384878,,ENSG00000291178,ENST00000843401,"intron_variant,non_coding_transcript_variant",MODIFIER,,intron_variant
rs7384878,,ENSG00000291178,ENST00000843402,"intron_variant,non_coding_transcript_variant",MODIFIER,,intron_variant
rs7384878,,ENSG00000291178,ENST00000843403,"intron_variant,non_coding_transcript_variant",MODIFIER,,intron_variant
rs7384878,,ENSG00000291178,ENST00000843404,"intron_variant,non_coding_transcript_variant",MODIFIER,,intron_variant
rs7384878,,ENSG00000291178,ENST00000843405,"intron_variant,non_coding_transcript_variant",MODIFIER,,intron_variant
rs7384878,,ENSG00000291178,ENST00000843406,"intron_variant,non_coding_transcript_variant",MODIFIER,,intron_variant
rs7384878,,ENSG00000291178,ENST00000843407,"intron_variant,non_coding_transcript_variant",MODIFIER,,intron_variant
rs7384878,,ENSG00000291178,ENST00000843408,"intron_variant,non_coding_transcript_variant",MODIFIER,,intron_variant
rs7384878,,ENSG00000291178,ENST00000843409,"intron_variant,non_coding_transcript_variant",MODIFIER,,intron_variant
rs7384878,,ENSG00000291178,ENST00000843410,"intron_variant,non_coding_transcript_variant",MODIFIER,,intron_variant
rs7384878,,ENSG00000291178,ENST00000843411,"intron_variant,non_coding_transcript_variant",MODIFIER,,intron_variant
rs7384878,,ENSG00000291178,ENST00000843412,"intron_variant,non_coding_transcript_variant",MODIFIER,,intron_variant
rs7384878,,ENSG00000291178,ENST00000843413,"intron_variant,non_coding_transcript_variant",MODIFIER,,intron_variant
rs7384878,,ENSG00000291178,ENST00000843414,"intron_variant,non_coding_transcript_variant",MODIFIER,,intron_variant
rs7384878,,ENSG00000291178,ENST00000843415,"intron_variant,non_coding_transcript_variant",MODIFIER,,intron_variant
rs7384878,,ENSG00000291178,ENST00000843416,"intron_variant,non_coding_transcript_variant",MODIFIER,,intron_variant
rs7384878,,ENSG00000291178,ENST00000843417,"intron_variant,non_coding_transcript_variant",MODIFIER,,intron_variant
rs7384878,,ENSG00000291178,ENST00000843418,"intron_variant,non_coding_transcript_variant",MODIFIER,,intron_variant
rs7384878,,ENSG00000291178,ENST00000843419,"intron_variant,non_coding_transcript_variant",MODIFIER,,intron_variant
rs7384878,,ENSG00000291178,ENST00000843420,"intron_variant,non_coding_transcript_variant",MODIFIER,,intron_variant
rs7384878,,ENSG00000291178,ENST00000843421,"intron_variant,non_coding_transcript_variant",MODIFIER,,intron_variant
rs7384878,,ENSG00000291178,ENST00000843422,"intron_variant,non_coding_transcript_variant",MODIFIER,,intron_variant
rs7384878,,ENSG00000291178,ENST00000843423,"intron_variant,non_coding_transcript_variant",MODIFIER,,intron_variant
rs7384878,,ENSG00000291178,ENST00000843424,"intron_variant,non_coding_transcript_variant",MODIFIER,,intron_variant
rs7384878,,ENSG00000291178,ENST00000843425,"intron_variant,non_coding_transcript_variant",MODIFIER,,intron_variant
rs7384878,,ENSG00000291178,ENST00000843426,"intron_variant,non_coding_transcript_variant",MODIFIER,,intron_variant
rs7384878,,ENSG00000291178,ENST00000843427,"intron_variant,non_coding_transcript_variant",MODIFIER,,intron_variant
rs7384878,,ENSG00000291178,ENST00000843428,"intron_variant,non_coding_transcript_variant",MODIFIER,,intron_variant
rs7384878,,ENSG00000291178,ENST00000843429,"intron_variant,non_coding_transcript_variant",MODIFIER,,intron_variant
rs7384878,,ENSG00000291178,ENST00000843430,"intron_variant,non_coding_transcript_variant",MODIFIER,,intron_variant
rs7384878,,ENSG00000291178,ENST00000843431,"intron_variant,non_coding_transcript_variant",MODIFIER,,intron_variant
rs7384878,,ENSG00000291178,ENST00000843432,"intron_variant,non_coding_transcript_variant",MODIFIER,,intron_variant
rs7384878,,ENSG00000291178,ENST00000843433,"intron_variant,non_coding_transcript_variant",MODIFIER,,intron_variant
rs7384878,,ENSG00000291178,ENST00000843434,"intron_variant,non_coding_transcript_variant",MODIFIER,,intron_variant
rs7384878,,ENSG00000291178,ENST00000843435,"intron_variant,non_coding_transcript_variant",MODIFIER,,intron_variant
rs7384878,,ENSG00000291178,ENST00000843436,"intron_variant,non_coding_transcript_variant",MODIFIER,,intron_variant
rs7384878,,ENSG00000291178,ENST00000843437,"intron_variant,non_coding_transcript_variant",MODIFIER,,intron_variant
rs7384878,,ENSG00000291178,ENST00000843438,"intron_variant,non_coding_transcript_variant",MODIFIER,,intron_variant
rs7384878,,ENSG00000291178,ENST00000843439,"intron_variant,non_coding_transcript_variant",MODIFIER,,intron_variant
rs7384878,,ENSG00000291178,ENST00000843440,"intron_variant,non_coding_transcript_variant",MODIFIER,,intron_variant
rs7384878,,ENSG00000291178,ENST00000843441,"intron_variant,non_coding_transcript_variant",MODIFIER,,intron_variant
rs7384878,,ENSG00000291178,ENST00000843442,"intron_variant,non_coding_transcript_variant",MODIFIER,,intron_variant
rs7384878,,ENSG00000291178,ENST00000843443,"intron_variant,non_coding_transcript_variant",MODIFIER,,intron_variant
rs7384878,,ENSG00000291178,ENST00000843444,"intron_variant,non_coding_transcript_variant",MODIFIER,,intron_variant
rs7384878,,ENSG00000291178,ENST00000843445,"intron_variant,non_coding_transcript_variant",MODIFIER,,intron_variant
rs7384878,,ENSG00000291178,ENST00000843446,"intron_variant,non_coding_transcript_variant",MODIFIER,,intron_variant
rs7384878,,ENSG00000291178,ENST00000843447,"intron_variant,non_coding_transcript_variant",MODIFIER,,intron_variant
rs7384878,,ENSG00000291178,ENST00000843448,"intron_variant,non_coding_transcript_variant",MODIFIER,,intron_variant
rs7384878,,ENSG00000291178,ENST00000843449,"intron_variant,non_coding_transcript_variant",MODIFIER,,intron_variant
rs7384878,,ENSG00000291178,ENST00000843450,"intron_variant,non_coding_transcript_variant",MODIFIER,,intron_variant
rs7384878,,ENSG00000291178,ENST00000843451,"intron_variant,non_coding_transcript_variant",MODIFIER,,intron_variant
rs7384878,,ENSG00000291178,ENST00000843452,"intron_variant,non_coding_transcript_variant",MODIFIER,,intron_variant
rs7384878,,ENSG00000291178,ENST00000843453,"intron_variant,non_coding_transcript_variant",MODIFIER,,intron_variant
rs7384878,,ENSG00000291178,ENST00000843454,"intron_variant,non_coding_transcript_variant",MODIFIER,,intron_variant
rs7384878,,ENSG00000291178,ENST00000843455,"intron_variant,non_coding_transcript_variant",MODIFIER,,intron_variant
rs7384878,,ENSG00000291178,ENST00000843456,"intron_variant,non_coding_transcript_variant",MODIFIER,,intron_variant
rs7384878,,ENSG00000291178,ENST00000843457,"intron_variant,non_coding_transcript_variant",MODIFIER,,intron_variant
rs7384878,,ENSG00000291178,ENST00000843458,"intron_variant,non_coding_transcript_variant",MODIFIER,,intron_variant
rs7384878,,ENSG00000291178,ENST00000843459,"intron_variant,non_coding_transcript_variant",MODIFIER,,intron_variant
rs7384878,,ENSG00000291178,ENST00000843460,"intron_variant,non_coding_transcript_variant",MODIFIER,,intron_variant
rs7384878,,ENSG00000291178,ENST00000843461,"intron_variant,non_coding_transcript_variant",MODIFIER,,intron_variant
rs7384878,,ENSG00000291178,ENST00000843462,"intron_variant,non_coding_transcript_variant",MODIFIER,,intron_variant
rs7384878,,ENSG00000291178,ENST00000843463,"intron_variant,non_coding_transcript_variant",MODIFIER,,intron_variant
rs7384878,,ENSG00000291178,ENST00000843464,"intron_variant,non_coding_transcript_variant",MODIFIER,,intron_variant
rs7384878,,ENSG00000291178,ENST00000843465,"intron_variant,non_coding_transcript_variant",MODIFIER,,intron_variant
rs7384878,,ENSG00000291178,ENST00000843466,"intron_variant,non_coding_transcript_variant",MODIFIER,,intron_variant
rs7384878,,ENSG00000291178,ENST00000843467,"intron_variant,non_coding_transcript_variant",MODIFIER,,intron_variant
rs7384878,,ENSG00000291178,ENST00000843468,"intron_variant,non_coding_transcript_variant",MODIFIER,,intron_variant
rs7384878,,ENSG00000291178,ENST00000843469,"intron_variant,non_coding_transcript_variant",MODIFIER,,intron_variant
rs7384878,,ENSG00000291178,ENST00000843470,"intron_variant,non_coding_transcript_variant",MODIFIER,,intron_variant
rs7384878,,ENSG00000291178,ENST00000843471,"intron_variant,non_coding_transcript_variant",MODIFIER,,intron_variant
rs7384878,,ENSG00000291178,ENST00000843472,"intron_variant,non_coding_transcript_variant",MODIFIER,,intron_variant
rs7384878,,ENSG00000291178,ENST00000843473,"intron_variant,non_coding_transcript_variant",MODIFIER,,intron_variant
rs7384878,,ENSG00000291178,ENST00000843474,"intron_variant,non_coding_transcript_variant",MODIFIER,,intron_variant
rs7384878,,ENSG00000291178,ENST00000843475,"intron_variant,non_coding_transcript_variant",MODIFIER,,intron_variant
rs7384878,,ENSG00000291178,ENST00000843476,"intron_variant,non_coding_transcript_variant",MODIFIER,,intron_variant
rs7384878,,ENSG00000291178,ENST00000843477,"intron_variant,non_coding_transcript_variant",MODIFIER,,intron_variant
rs7384878,,ENSG00000291178,ENST00000843478,"intron_variant,non_coding_transcript_variant",MODIFIER,,intron_variant
rs7384878,,ENSG00000291178,ENST00000843479,"intron_variant,non_coding_transcript_variant",MODIFIER,,intron_variant
rs7384878,,ENSG00000291178,ENST00000843480,"intron_variant,non_coding_transcript_variant",MODIFIER,,intron_variant
rs7384878,,ENSG00000291178,ENST00000843481,"intron_variant,non_coding_transcript_variant",MODIFIER,,intron_variant
rs7384878,,ENSG00000291178,ENST00000843482,"intron_variant,non_coding_transcript_variant",MODIFIER,,intron_variant
rs7384878,,ENSG00000291178,ENST00000843483,"intron_variant,non_coding_transcript_variant",MODIFIER,,intron_variant
rs7384878,,ENSG00000291178,ENST00000843484,"intron_variant,non_coding_transcript_variant",MODIFIER,,intron_variant
rs7384878,,ENSG00000291178,ENST00000843485,"intron_variant,non_coding_transcript_variant",MODIFIER,,intron_variant
rs7384878,,ENSG00000291178,ENST00000843486,"intron_variant,non_coding_transcript_variant",MODIFIER,,intron_variant
rs7384878,,ENSG00000291178,ENST00000843487,"intron_variant,non_coding_transcript_variant",MODIFIER,,intron_variant
rs7384878,,ENSG00000291178,ENST00000843488,"intron_variant,non_coding_transcript_variant",MODIFIER,,intron_variant
rs7384878,,ENSG00000291178,ENST00000843489,"intron_variant,non_coding_transcript_variant",MODIFIER,,intron_variant
rs7384878,,ENSG00000291178,ENST00000843490,"intron_variant,non_coding_transcript_variant",MODIFIER,,intron_variant
rs7384878,,ENSG00000291178,ENST00000843491,"intron_variant,non_coding_transcript_variant",MODIFIER,,intron_variant
rs7384878,,ENSG00000291178,ENST00000843492,"intron_variant,non_coding_transcript_variant",MODIFIER,,intron_variant
rs7384878,,ENSG00000291178,ENST00000843493,"intron_variant,non_coding_transcript_variant",MODIFIER,,intron_variant
rs7384878,,ENSG00000291178,ENST00000843494,"intron_variant,non_coding_transcript_variant",MODIFIER,,intron_variant
rs7384878,,ENSG00000291178,ENST00000843495,"intron_variant,non_coding_transcript_variant",MODIFIER,,intron_variant
rs7384878,,ENSG00000291178,ENST00000843496,"intron_variant,non_coding_transcript_variant",MODIFIER,,intron_variant
rs7384878,,ENSG00000291178,ENST00000843497,upstream_gene_variant,MODIFIER,366.0,intron_variant
rs7384878,,ENSG00000291178,ENST00000843498,"intron_variant,non_coding_transcript_variant",MODIFIER,,intron_variant
rs7384878,,ENSG00000291178,ENST00000843499,"intron_variant,non_coding_transcript_variant",MODIFIER,,intron_variant
rs7384878,,ENSG00000291178,ENST00000843500,"intron_variant,non_coding_transcript_variant",MODIFIER,,intron_variant
rs7384878,,ENSG00000291178,ENST00000843501,"intron_variant,non_coding_transcript_variant",MODIFIER,,intron_variant
rs7384878,,ENSG00000291178,ENST00000843502,"intron_variant,non_coding_transcript_variant",MODIFIER,,intron_variant
rs7384878,,ENSG00000291178,ENST00000843503,"intron_variant,non_coding_transcript_variant",MODIFIER,,intron_variant
rs7384878,,ENSG00000291178,ENST00000843504,"intron_variant,non_coding_transcript_variant",MODIFIER,,intron_variant
rs7384878,,ENSG00000291178,ENST00000843505,"intron_variant,non_coding_transcript_variant",MODIFIER,,intron_variant
rs7384878,,ENSG00000291178,ENST00000843506,"intron_variant,non_coding_transcript_variant",MODIFIER,,intron_variant
rs7384878,,ENSG00000291178,ENST00000843507,"intron_variant,non_coding_transcript_variant",MODIFIER,,intron_variant
rs7384878,,ENSG00000291178,ENST00000843508,"intron_variant,non_coding_transcript_variant",MODIFIER,,intron_variant
rs7384878,,ENSG00000291178,ENST00000843509,"intron_variant,non_coding_transcript_variant",MODIFIER,,intron_variant
rs7384878,,ENSG00000291178,ENST00000843510,"intron_variant,non_coding_transcript_variant",MODIFIER,,intron_variant
rs7384878,,ENSG00000291178,ENST00000843511,"intron_variant,non_coding_transcript_variant",MODIFIER,,intron_variant
rs7384878,,ENSG00000291178,ENST00000843512,"intron_variant,non_coding_transcript_variant",MODIFIER,,intron_variant
rs7384878,,ENSG00000291178,ENST00000843513,"intron_variant,non_coding_transcript_variant",MODIFIER,,intron_variant
rs7384878,,ENSG00000291178,ENST00000843514,"intron_variant,non_coding_transcript_variant",MODIFIER,,intron_variant
rs7384878,,ENSG00000291178,ENST00000843515,"intron_variant,non_coding_transcript_variant",MODIFIER,,intron_variant
rs7384878,,ENSG00000291178,ENST00000843516,"intron_variant,non_coding_transcript_variant",MODIFIER,,intron_variant
rs7384878,,ENSG00000291178,ENST00000843517,"intron_variant,non_coding_transcript_variant",MODIFIER,,intron_variant
rs7384878,,ENSG00000291178,ENST00000843518,"intron_variant,non_coding_transcript_variant",MODIFIER,,intron_variant
rs7384878,,ENSG00000291178,ENST00000843519,"intron_variant,non_coding_transcript_variant",MODIFIER,,intron_variant
rs7384878,,ENSG00000291178,ENST00000843520,"intron_variant,non_coding_transcript_variant",MODIFIER,,intron_variant
rs7384878,,ENSG00000291178,ENST00000843521,"intron_variant,non_coding_transcript_variant",MODIFIER,,intron_variant
rs7384878,,ENSG00000291178,ENST00000843522,"intron_variant,non_coding_transcript_variant",MODIFIER,,intron_variant
rs7384878,,ENSG00000291178,ENST00000843523,"intron_variant,non_coding_transcript_variant",MODIFIER,,intron_variant
rs7384878,,ENSG00000291178,ENST00000843524,"intron_variant,non_coding_transcript_variant",MODIFIER,,intron_variant
rs7384878,,ENSG00000291178,ENST00000843525,"intron_variant,non_coding_transcript_variant",MODIFIER,,intron_variant
rs7384878,,ENSG00000291178,ENST00000843526,"intron_variant,non_coding_transcript_variant",MODIFIER,,intron_variant
rs7384878,,ENSG00000291178,ENST00000843527,"intron_variant,non_coding_transcript_variant",MODIFIER,,intron_variant
rs7384878,,ENSG00000291178,ENST00000843528,"intron_variant,non_coding_transcript_variant",MODIFIER,,intron_variant
rs7384878,,ENSG00000291178,ENST00000843529,"intron_variant,non_coding_transcript_variant",MODIFIER,,intron_variant
rs7384878,,ENSG00000291178,ENST00000843530,"intron_variant,non_coding_transcript_variant",MODIFIER,,intron_variant
rs7384878,,ENSG00000291178,ENST00000843531,"intron_variant,non_coding_transcript_variant",MODIFIER,,intron_variant
rs7384878,,ENSG00000291178,ENST00000843532,"intron_variant,non_coding_transcript_variant",MODIFIER,,intron_variant
rs7384878,,ENSG00000291178,ENST00000843533,"intron_variant,non_coding_transcript_variant",MODIFIER,,intron_variant
rs7384878,,ENSG00000291178,ENST00000843534,"intron_variant,non_coding_transcript_variant",MODIFIER,,intron_variant
rs7384878,,ENSG00000291178,ENST00000843535,"intron_variant,non_coding_transcript_variant",MODIFIER,,intron_variant
rs7384878,,ENSG00000291178,ENST00000843536,"intron_variant,non_coding_transcript_variant",MODIFIER,,intron_variant
rs7384878,,ENSG00000291178,ENST00000843537,"intron_variant,non_coding_transcript_variant",MODIFIER,,intron_variant
rs7384878,,ENSG00000291178,ENST00000843538,"intron_variant,non_coding_transcript_variant",MODIFIER,,intron_variant
rs7384878,,ENSG00000291178,ENST00000843539,"intron_variant,non_coding_transcript_variant",MODIFIER,,intron_variant
rs7384878,,ENSG00000291178,ENST00000843540,"intron_variant,non_coding_transcript_variant",MODIFIER,,intron_variant
rs7384878,,ENSG00000291178,ENST00000843541,"intron_variant,non_coding_transcript_variant",MODIFIER,,intron_variant
rs7384878,,ENSG00000291178,ENST00000843542,"intron_variant,non_coding_transcript_variant",MODIFIER,,intron_variant
rs7384878,,ENSG00000291178,ENST00000843543,"intron_variant,non_coding_transcript_variant",MODIFIER,,intron_variant
rs7384878,,ENSG00000291178,ENST00000843544,"intron_variant,non_coding_transcript_variant",MODIFIER,,intron_variant
rs7384878,,ENSG00000291178,ENST00000843545,"intron_variant,non_coding_transcript_variant",MODIFIER,,intron_variant
rs7384878,,ENSG00000291178,ENST00000843546,"intron_variant,non_coding_transcript_variant",MODIFIER,,intron_variant
rs7384878,,ENSG00000291178,ENST00000843547,"intron_variant,non_coding_transcript_variant",MODIFIER,,intron_variant
rs7384878,,ENSG00000291178,ENST00000843548,"intron_variant,non_coding_transcript_variant",MODIFIER,,intron_variant
rs7384878,,ENSG00000291178,ENST00000843549,"intron_variant,non_coding_transcript_variant",MODIFIER,,intron_variant
rs7384878,,ENSG00000291178,ENST00000843550,"intron_variant,non_coding_transcript_variant",MODIFIER,,intron_variant
rs7384878,,ENSG00000291178,ENST00000843551,"intron_variant,non_coding_transcript_variant",MODIFIER,,intron_variant
rs7384878,,ENSG00000291178,ENST00000843552,"intron_variant,non_coding_transcript_variant",MODIFIER,,intron_variant
rs7384878,,ENSG00000291178,ENST00000843553,"intron_variant,non_coding_transcript_variant",MODIFIER,,intron_variant
rs7384878,,ENSG00000291178,ENST00000843554,"intron_variant,non_coding_transcript_variant",MODIFIER,,intron_variant
rs7384878,,ENSG00000291178,ENST00000843555,"intron_variant,non_coding_transcript_variant",MODIFIER,,intron_variant
rs7384878,,ENSG00000291178,ENST00000843556,"intron_variant,non_coding_transcript_variant",MODIFIER,,intron_variant
rs7384878,,ENSG00000291178,ENST00000843557,"intron_variant,non_coding_transcript_variant",MODIFIER,,intron_variant
rs7384878,,ENSG00000291178,ENST00000843558,"intron_variant,non_coding_transcript_variant",MODIFIER,,intron_variant
rs7384878,,ENSG00000291178,ENST00000843559,"intron_variant,non_coding_transcript_variant",MODIFIER,,intron_variant
rs7384878,,ENSG00000291178,ENST00000843560,upstream_gene_variant,MODIFIER,1905.0,intron_variant
rs7384878,,ENSG00000291178,ENST00000843561,"intron_variant,non_coding_transcript_variant",MODIFIER,,intron_variant
rs7384878,,ENSG00000291178,ENST00000843562,"intron_variant,non_coding_transcript_variant",MODIFIER,,intron_variant
rs7384878,,ENSG00000291178,ENST00000843563,"intron_variant,non_coding_transcript_variant",MODIFIER,,intron_variant
rs7384878,,ENSG00000291178,ENST00000843564,"intron_variant,non_coding_transcript_variant",MODIFIER,,intron_variant
rs7384878,,ENSG00000291178,ENST00000843565,"intron_variant,non_coding_transcript_variant",MODIFIER,,intron_variant
rs7384878,,ENSG00000291178,ENST00000843566,"intron_variant,non_coding_transcript_variant",MODIFIER,,intron_variant
rs7384878,,ENSG00000291178,ENST00000843567,"intron_variant,non_coding_transcript_variant",MODIFIER,,intron_variant
rs7384878,,ENSG00000291178,ENST00000843568,"intron_variant,non_coding_transcript_variant",MODIFIER,,intron_variant
rs7384878,,ENSG00000291178,ENST00000843569,"intron_variant,non_coding_transcript_variant",MODIFIER,,intron_variant
rs7384878,,ENSG00000291178,ENST00000843570,"intron_variant,non_coding_transcript_variant",MODIFIER,,intron_variant
rs7384878,,ENSG00000291178,ENST00000843571,"intron_variant,non_coding_transcript_variant",MODIFIER,,intron_variant
rs7384878,,ENSG00000291178,ENST00000843572,"intron_variant,non_coding_transcript_variant",MODIFIER,,intron_variant
rs7384878,,ENSG00000291178,ENST00000843573,"intron_variant,non_coding_transcript_variant",MODIFIER,,intron_variant
rs7384878,,ENSG00000291178,ENST00000843574,"intron_variant,non_coding_transcript_variant",MODIFIER,,intron_variant
rs7384878,,ENSG00000291178,ENST00000843575,"intron_variant,non_coding_transcript_variant",MODIFIER,,intron_variant
rs7384878,,ENSG00000291178,ENST00000843576,"intron_variant,non_coding_transcript_variant",MODIFIER,,intron_variant
rs7384878,,ENSG00000291178,ENST00000843577,"intron_variant,non_coding_transcript_variant",MODIFIER,,intron_variant
rs7384878,,ENSG00000291178,ENST00000843578,"intron_variant,non_coding_transcript_variant",MODIFIER,,intron_variant
rs7384878,,ENSG00000291178,ENST00000843579,"intron_variant,non_coding_transcript_variant",MODIFIER,,intron_variant
rs7384878,,ENSG00000291178,ENST00000843580,"intron_variant,non_coding_transcript_variant",MODIFIER,,intron_variant
rs7384878,,ENSG00000291178,ENST00000843581,"intron_variant,non_coding_transcript_variant",MODIFIER,,intron_variant
rs7384878,,ENSG00000291178,ENST00000843582,"intron_variant,non_coding_transcript_variant",MODIFIER,,intron_variant
rs7384878,,ENSG00000291178,ENST00000843583,"intron_variant,non_coding_transcript_variant",MODIFIER,,intron_variant
rs7384878,,ENSG00000291178,ENST00000843584,"intron_variant,non_coding_transcript_variant",MODIFIER,,intron_variant
rs7384878,,ENSG00000291178,ENST00000843585,"intron_variant,non_coding_transcript_variant",MODIFIER,,intron_variant
rs7384878,,ENSG00000291178,ENST00000843586,upstream_gene_variant,MODIFIER,1906.0,intron_variant
rs7384878,,ENSG00000291178,ENST00000843587,downstream_gene_variant,MODIFIER,239.0,intron_variant
rs7384878,,ENSG00000291178,ENST00000843588,downstream_gene_variant,MODIFIER,614.0,intron_variant
rs76928645,,ENSG00000303536,ENST00000795375,"intron_variant,non_coding_transcript_variant",MODIFIER,,intron_variant
rs76928645,,ENSG00000303536,ENST00000795376,"intron_variant,non_coding_transcript_variant",MODIFIER,,intron_variant
rs76928645,,ENSG00000303536,ENST00000795377,"intron_variant,non_coding_transcript_variant",MODIFIER,,intron_variant
rs6966331,NME8,ENSG00000086288,ENST00000199447,upstream_gene_variant,MODIFIER,4406.0,upstream_gene_variant
rs6966331,NME8,ENSG00000086288,ENST00000440017,upstream_gene_variant,MODIFIER,4828.0,upstream_gene_variant
rs6966331,NME8,ENSG00000086288,ENST00000444718,upstream_gene_variant,MODIFIER,4762.0,upstream_gene_variant
rs6966331,NME8,ENSG00000086288,ENST00000455500,upstream_gene_variant,MODIFIER,4419.0,upstream_gene_variant
rs1160871,JAZF1,ENSG00000153814,ENST00000283928,intron_variant,MODIFIER,,intron_variant
rs1160871,JAZF1,ENSG00000153814,ENST00000452993,"intron_variant,NMD_transcript_variant",MODIFIER,,intron_variant
rs1160871,JAZF1,ENSG00000153814,ENST00000454041,"intron_variant,non_coding_transcript_variant",MODIFIER,,intron_variant
rs1160871,JAZF1,ENSG00000153814,ENST00000649905,"intron_variant,NMD_transcript_variant",MODIFIER,,intron_variant
rs1160871,JAZF1,ENSG00000153814,ENST00000900291,intron_variant,MODIFIER,,intron_variant
rs1160871,JAZF1,ENSG00000153814,ENST00000919133,intron_variant,MODIFIER,,intron_variant
rs1160871,JAZF1,ENSG00000153814,ENST00000994435,"intron_variant,NMD_transcript_variant",MODIFIER,,intron_variant
rs1160871,JAZF1,ENSG00000153814,ENST00001042039,"intron_variant,NMD_transcript_variant",MODIFIER,,intron_variant
rs1160871,JAZF1,ENSG00000153814,ENST00001042040,"intron_variant,NMD_transcript_variant",MODIFIER,,intron_variant
rs1160871,JAZF1,ENSG00000153814,ENST00001116546,intron_variant,MODIFIER,,intron_variant
rs1160871,JAZF1,ENSG00000153814,ENST00001128303,"intron_variant,NMD_transcript_variant",MODIFIER,,intron_variant
rs1160871,JAZF1,ENSG00000153814,ENST00001129298,intron_variant,MODIFIER,,intron_variant
rs1160871,JAZF1,ENSG00000153814,ENST00001141427,intron_variant,MODIFIER,,intron_variant
rs13237518,TMEM106B,ENSG00000106460,ENST00000396667,intron_variant,MODIFIER,,3_prime_UTR_variant
rs13237518,TMEM106B,ENSG00000106460,ENST00000396668,intron_variant,MODIFIER,,3_prime_UTR_variant
rs13237518,TMEM106B,ENSG00000106460,ENST00000420833,"intron_variant,NMD_transcript_variant",MODIFIER,,3_prime_UTR_variant
rs13237518,TMEM106B,ENSG00000106460,ENST00000444443,intron_variant,MODIFIER,,3_prime_UTR_variant
rs13237518,TMEM106B,ENSG00000106460,ENST00000462754,upstream_gene_variant,MODIFIER,212.0,3_prime_UTR_variant
rs13237518,TMEM106B,ENSG00000106460,ENST00000492762,"intron_variant,non_coding_transcript_variant",MODIFIER,,3_prime_UTR_variant
rs13237518,TMEM106B,ENSG00000106460,ENST00000704347,"intron_variant,NMD_transcript_variant",MODIFIER,,3_prime_UTR_variant
rs13237518,TMEM106B,ENSG00000106460,ENST00000704348,intron_variant,MODIFIER,,3_prime_UTR_variant
rs13237518,TMEM106B,ENSG00000106460,ENST00000704349,intron_variant,MODIFIER,,3_prime_UTR_variant
rs13237518,TMEM106B,ENSG00000106460,ENST00000704416,intron_variant,MODIFIER,,3_prime_UTR_variant
rs13237518,TMEM106B,ENSG00000106460,ENST00000704417,intron_variant,MODIFIER,,3_prime_UTR_variant
rs13237518,TMEM106B,ENSG00000106460,ENST00000704455,intron_variant,MODIFIER,,3_prime_UTR_variant
rs13237518,TMEM106B,ENSG00000106460,ENST00000704457,intron_variant,MODIFIER,,3_prime_UTR_variant
rs13237518,TMEM106B,ENSG00000106460,ENST00000903750,intron_variant,MODIFIER,,3_prime_UTR_variant
rs13237518,TMEM106B,ENSG00000106460,ENST00000903751,intron_variant,MODIFIER,,3_prime_UTR_variant
rs13237518,TMEM106B,ENSG00000106460,ENST00000965695,intron_variant,MODIFIER,,3_prime_UTR_variant
rs13237518,TMEM106B,ENSG00000106460,ENST00000965696,intron_variant,MODIFIER,,3_prime_UTR_variant
rs13237518,TMEM106B,ENSG00000106460,ENST00000965697,intron_variant,MODIFIER,,3_prime_UTR_variant
rs13237518,TMEM106B,ENSG00000106460,ENST00000977284,"intron_variant,NMD_transcript_variant",MODIFIER,,3_prime_UTR_variant
rs13237518,TMEM106B,ENSG00000106460,ENST00000977285,"intron_variant,NMD_transcript_variant",MODIFIER,,3_prime_UTR_variant
rs13237518,TMEM106B,ENSG00000106460,ENST00000977286,"intron_variant,NMD_transcript_variant",MODIFIER,,3_prime_UTR_variant
rs13237518,TMEM106B,ENSG00000106460,ENST00001057151,intron_variant,MODIFIER,,3_prime_UTR_variant
rs13237518,TMEM106B,ENSG00000106460,ENST00001109862,3_prime_UTR_variant,MODIFIER,,3_prime_UTR_variant
rs13237518,TMEM106B,ENSG00000106460,ENST00001109863,3_prime_UTR_variant,MODIFIER,,3_prime_UTR_variant
rs13237518,TMEM106B,ENSG00000106460,ENST00001109864,downstream_gene_variant,MODIFIER,2951.0,3_prime_UTR_variant
rs13237518,TMEM106B,ENSG00000106460,ENST00001129620,3_prime_UTR_variant,MODIFIER,,3_prime_UTR_variant
rs13237518,TMEM106B,ENSG00000106460,ENST00001138801,intron_variant,MODIFIER,,3_prime_UTR_variant
rs10952097,ICA1,ENSG00000003147,ENST00000265577,intron_variant,MODIFIER,,intron_variant
rs10952097,ICA1,ENSG00000003147,ENST00000317367,intron_variant,MODIFIER,,intron_variant
rs10952097,ICA1,ENSG00000003147,ENST00000339809,"intron_variant,NMD_transcript_variant",MODIFIER,,intron_variant
rs10952097,ICA1,ENSG00000003147,ENST00000396675,intron_variant,MODIFIER,,intron_variant
rs10952097,ICA1,ENSG00000003147,ENST00000401396,intron_variant,MODIFIER,,intron_variant
rs10952097,ICA1,ENSG00000003147,ENST00000402384,intron_variant,MODIFIER,,intron_variant
rs10952097,ICA1,ENSG00000003147,ENST00000406470,intron_variant,MODIFIER,,intron_variant
rs10952097,ICA1,ENSG00000003147,ENST00000407906,intron_variant,MODIFIER,,intron_variant
rs10952097,ICA1,ENSG00000003147,ENST00000422063,intron_variant,MODIFIER,,intron_variant
rs10952097,ICA1,ENSG00000003147,ENST00000455539,"intron_variant,NMD_transcript_variant",MODIFIER,,intron_variant
rs10952097,ICA1,ENSG00000003147,ENST00000486677,"intron_variant,non_coding_transcript_variant",MODIFIER,,intron_variant
rs10952097,ICA1,ENSG00000003147,ENST00000490041,"intron_variant,non_coding_transcript_variant",MODIFIER,,intron_variant
rs10952097,ICA1,ENSG00000003147,ENST00000650486,"intron_variant,NMD_transcript_variant",MODIFIER,,intron_variant
rs10952097,ICA1,ENSG00000003147,ENST00000902478,intron_variant,MODIFIER,,intron_variant
rs10952097,ICA1,ENSG00000003147,ENST00000902479,intron_variant,MODIFIER,,intron_variant
rs10952097,ICA1,ENSG00000003147,ENST00000902480,intron_variant,MODIFIER,,intron_variant
rs10952097,ICA1,ENSG00000003147,ENST00000902481,intron_variant,MODIFIER,,intron_variant
rs10952097,ICA1,ENSG00000003147,ENST00000902482,intron_variant,MODIFIER,,intron_variant
rs10952097,ICA1,ENSG00000003147,ENST00000902483,intron_variant,MODIFIER,,intron_variant
rs10952097,ICA1,ENSG00000003147,ENST00000902484,intron_variant,MODIFIER,,intron_variant
rs10952097,ICA1,ENSG00000003147,ENST00000902485,intron_variant,MODIFIER,,intron_variant
rs10952097,ICA1,ENSG00000003147,ENST00000902486,intron_variant,MODIFIER,,intron_variant
rs10952097,ICA1,ENSG00000003147,ENST00000902487,intron_variant,MODIFIER,,intron_variant
rs10952097,ICA1,ENSG00000003147,ENST00000902488,intron_variant,MODIFIER,,intron_variant
rs10952097,ICA1,ENSG00000003147,ENST00000902489,intron_variant,MODIFIER,,intron_variant
rs10952097,ICA1,ENSG00000003147,ENST00000902490,intron_variant,MODIFIER,,intron_variant
rs10952097,ICA1,ENSG00000003147,ENST00000902491,intron_variant,MODIFIER,,intron_variant
rs10952097,ICA1,ENSG00000003147,ENST00000902492,intron_variant,MODIFIER,,intron_variant
rs10952097,ICA1,ENSG00000003147,ENST00000902493,intron_variant,MODIFIER,,intron_variant
rs10952097,ICA1,ENSG00000003147,ENST00000902494,intron_variant,MODIFIER,,intron_variant
rs10952097,ICA1,ENSG00000003147,ENST00000902495,intron_variant,MODIFIER,,intron_variant
rs10952097,ICA1,ENSG00000003147,ENST00000902496,intron_variant,MODIFIER,,intron_variant
rs10952097,ICA1,ENSG00000003147,ENST00000923898,intron_variant,MODIFIER,,intron_variant
rs10952097,ICA1,ENSG00000003147,ENST00000923899,intron_variant,MODIFIER,,intron_variant
rs10952097,ICA1,ENSG00000003147,ENST00000923900,intron_variant,MODIFIER,,intron_variant
rs10952097,ICA1,ENSG00000003147,ENST00000923901,intron_variant,MODIFIER,,intron_variant
rs10952097,ICA1,ENSG00000003147,ENST00000923902,intron_variant,MODIFIER,,intron_variant
rs10952097,ICA1,ENSG00000003147,ENST00000923903,intron_variant,MODIFIER,,intron_variant
rs10952097,ICA1,ENSG00000003147,ENST00000923904,intron_variant,MODIFIER,,intron_variant
rs10952097,ICA1,ENSG00000003147,ENST00000923905,intron_variant,MODIFIER,,intron_variant
rs10952097,ICA1,ENSG00000003147,ENST00000923906,intron_variant,MODIFIER,,intron_variant
rs10952097,ICA1,ENSG00000003147,ENST00000944692,intron_variant,MODIFIER,,intron_variant
rs10952097,ICA1,ENSG00000003147,ENST00000944693,intron_variant,MODIFIER,,intron_variant
rs10952097,ICA1,ENSG00000003147,ENST00000944694,intron_variant,MODIFIER,,intron_variant
rs10952097,ICA1,ENSG00000003147,ENST00000944695,intron_variant,MODIFIER,,intron_variant
rs10952097,ICA1,ENSG00000003147,ENST00000944696,intron_variant,MODIFIER,,intron_variant
rs10952097,ICA1,ENSG00000003147,ENST00000944697,intron_variant,MODIFIER,,intron_variant
rs10952097,ICA1,ENSG00000003147,ENST00000944698,intron_variant,MODIFIER,,intron_variant
rs10952097,ICA1,ENSG00000003147,ENST00000944699,intron_variant,MODIFIER,,intron_variant
rs10952097,ICA1,ENSG00000003147,ENST00000944700,intron_variant,MODIFIER,,intron_variant
rs10952097,ICA1,ENSG00000003147,ENST00000944701,intron_variant,MODIFIER,,intron_variant
rs10952097,ICA1,ENSG00000003147,ENST00000944702,intron_variant,MODIFIER,,intron_variant
rs10952097,ICA1,ENSG00000003147,ENST00000944703,intron_variant,MODIFIER,,intron_variant
rs10952097,ICA1,ENSG00000003147,ENST00000944704,intron_variant,MODIFIER,,intron_variant
rs10952097,ICA1,ENSG00000003147,ENST00000944705,intron_variant,MODIFIER,,intron_variant
rs10952097,ICA1,ENSG00000003147,ENST00000944706,intron_variant,MODIFIER,,intron_variant
rs10952097,ICA1,ENSG00000003147,ENST00000944707,intron_variant,MODIFIER,,intron_variant
rs10952097,ICA1,ENSG00000003147,ENST00000944708,intron_variant,MODIFIER,,intron_variant
rs10952097,ICA1,ENSG00000003147,ENST00000944709,intron_variant,MODIFIER,,intron_variant
rs10952097,ICA1,ENSG00000003147,ENST00001008738,"intron_variant,NMD_transcript_variant",MODIFIER,,intron_variant
rs10952097,ICA1,ENSG00000003147,ENST00001028687,"intron_variant,NMD_transcript_variant",MODIFIER,,intron_variant
rs10952097,ICA1,ENSG00000003147,ENST00001028688,"intron_variant,NMD_transcript_variant",MODIFIER,,intron_variant
rs10952097,ICA1,ENSG00000003147,ENST00001028689,"intron_variant,NMD_transcript_variant",MODIFIER,,intron_variant
rs10952097,ICA1,ENSG00000003147,ENST00001028690,"intron_variant,NMD_transcript_variant",MODIFIER,,intron_variant
rs10952097,ICA1,ENSG00000003147,ENST00001028691,"intron_variant,NMD_transcript_variant",MODIFIER,,intron_variant
rs10952097,ICA1,ENSG00000003147,ENST00001028692,"intron_variant,NMD_transcript_variant",MODIFIER,,intron_variant
rs10952097,ICA1,ENSG00000003147,ENST00001028693,"intron_variant,NMD_transcript_variant",MODIFIER,,intron_variant
rs10952097,ICA1,ENSG00000003147,ENST00001028694,"intron_variant,NMD_transcript_variant",MODIFIER,,intron_variant
rs10952097,ICA1,ENSG00000003147,ENST00001065745,intron_variant,MODIFIER,,intron_variant
rs10952097,ICA1,ENSG00000003147,ENST00001065747,"intron_variant,NMD_transcript_variant",MODIFIER,,intron_variant
rs10952097,ICA1,ENSG00000003147,ENST00001065748,"intron_variant,NMD_transcript_variant",MODIFIER,,intron_variant
rs10952097,ICA1,ENSG00000003147,ENST00001138737,intron_variant,MODIFIER,,intron_variant
rs6943429,UMAD1,ENSG00000219545,ENST00000406829,"intron_variant,non_coding_transcript_variant",MODIFIER,,intron_variant
rs6943429,UMAD1,ENSG00000219545,ENST00000463725,intron_variant,MODIFIER,,intron_variant
rs6943429,UMAD1,ENSG00000219545,ENST00000482067,intron_variant,MODIFIER,,intron_variant
rs6943429,UMAD1,ENSG00000219545,ENST00000636849,intron_variant,MODIFIER,,intron_variant
rs6943429,UMAD1,ENSG00000219545,ENST00000638342,"intron_variant,NMD_transcript_variant",MODIFIER,,intron_variant
rs6943429,UMAD1,ENSG00000219545,ENST00000639110,"intron_variant,NMD_transcript_variant",MODIFIER,,intron_variant
rs6943429,UMAD1,ENSG00000219545,ENST00000639343,"intron_variant,NMD_transcript_variant",MODIFIER,,intron_variant
rs6943429,UMAD1,ENSG00000219545,ENST00000682710,intron_variant,MODIFIER,,intron_variant
rs6943429,UMAD1,ENSG00000219545,ENST00000892838,intron_variant,MODIFIER,,intron_variant
rs6943429,UMAD1,ENSG00000219545,ENST00000892839,intron_variant,MODIFIER,,intron_variant
rs6943429,UMAD1,ENSG00000219545,ENST00000892840,intron_variant,MODIFIER,,intron_variant
rs6943429,UMAD1,ENSG00000219545,ENST00000892841,intron_variant,MODIFIER,,intron_variant
rs6943429,UMAD1,ENSG00000219545,ENST00000935492,intron_variant,MODIFIER,,intron_variant
rs6943429,UMAD1,ENSG00000219545,ENST00000949979,intron_variant,MODIFIER,,intron_variant
rs6943429,UMAD1,ENSG00000219545,ENST00000949980,intron_variant,MODIFIER,,intron_variant
rs6943429,UMAD1,ENSG00000219545,ENST00000949981,intron_variant,MODIFIER,,intron_variant
rs6943429,UMAD1,ENSG00000219545,ENST00000988658,intron_variant,MODIFIER,,intron_variant
rs6943429,UMAD1,ENSG00000219545,ENST00001025981,"intron_variant,NMD_transcript_variant",MODIFIER,,intron_variant
rs6943429,UMAD1,ENSG00000219545,ENST00001104634,intron_variant,MODIFIER,,intron_variant
rs6943429,UMAD1,ENSG00000219545,ENST00001139123,intron_variant,MODIFIER,,intron_variant
rs785129,HS3ST5,ENSG00000249853,ENST00000312719,intron_variant,MODIFIER,,intron_variant
rs785129,HDAC2-AS2,ENSG00000228624,ENST00000518470,"intron_variant,non_coding_transcript_variant",MODIFIER,,intron_variant
rs785129,HDAC2-AS2,ENSG00000228624,ENST00000519104,"intron_variant,non_coding_transcript_variant",MODIFIER,,intron_variant
rs785129,HS3ST5,ENSG00000249853,ENST00000900060,intron_variant,MODIFIER,,intron_variant
rs785129,HS3ST5,ENSG00000249853,ENST00000900061,intron_variant,MODIFIER,,intron_variant
rs785129,HS3ST5,ENSG00000249853,ENST00000900062,intron_variant,MODIFIER,,intron_variant
rs785129,HS3ST5,ENSG00000249853,ENST00000900063,intron_variant,MODIFIER,,intron_variant
rs785129,HS3ST5,ENSG00000249853,ENST00000920560,intron_variant,MODIFIER,,intron_variant
rs785129,HS3ST5,ENSG00000249853,ENST00000920563,intron_variant,MODIFIER,,intron_variant
rs785129,HS3ST5,ENSG00000249853,ENST00000920564,intron_variant,MODIFIER,,intron_variant
rs785129,HS3ST5,ENSG00000249853,ENST00000920566,intron_variant,MODIFIER,,intron_variant
rs785129,HS3ST5,ENSG00000249853,ENST00000920567,intron_variant,MODIFIER,,intron_variant
rs785129,HS3ST5,ENSG00000249853,ENST00000920569,intron_variant,MODIFIER,,intron_variant
rs785129,HS3ST5,ENSG00000249853,ENST00000947070,intron_variant,MODIFIER,,intron_variant
rs785129,HS3ST5,ENSG00000249853,ENST00001138461,intron_variant,MODIFIER,,intron_variant
rs7767350,CD2AP,ENSG00000198087,ENST00000359314,intron_variant,MODIFIER,,intron_variant
rs7767350,CD2AP,ENSG00000198087,ENST00000865252,intron_variant,MODIFIER,,intron_variant
rs7767350,CD2AP,ENSG00000198087,ENST00000865253,intron_variant,MODIFIER,,intron_variant
rs7767350,CD2AP,ENSG00000198087,ENST00000865254,intron_variant,MODIFIER,,intron_variant
rs7767350,CD2AP,ENSG00000198087,ENST00000931707,intron_variant,MODIFIER,,intron_variant
rs7767350,CD2AP,ENSG00000198087,ENST00000931708,intron_variant,MODIFIER,,intron_variant
rs7767350,CD2AP,ENSG00000198087,ENST00000931709,intron_variant,MODIFIER,,intron_variant
rs7767350,CD2AP,ENSG00000198087,ENST00000960842,intron_variant,MODIFIER,,intron_variant
rs7767350,CD2AP,ENSG00000198087,ENST00000960843,intron_variant,MODIFIER,,intron_variant
rs7767350,CD2AP,ENSG00000198087,ENST00001007547,intron_variant,MODIFIER,,intron_variant
rs7767350,CD2AP,ENSG00000198087,ENST00001040877,"intron_variant,NMD_transcript_variant",MODIFIER,,intron_variant
rs7767350,CD2AP,ENSG00000198087,ENST00001040878,"intron_variant,NMD_transcript_variant",MODIFIER,,intron_variant
rs7767350,CD2AP,ENSG00000198087,ENST00001061243,"intron_variant,NMD_transcript_variant",MODIFIER,,intron_variant
rs7767350,CD2AP,ENSG00000198087,ENST00001061244,"intron_variant,NMD_transcript_variant",MODIFIER,,intron_variant
rs7767350,CD2AP,ENSG00000198087,ENST00001111118,intron_variant,MODIFIER,,intron_variant
rs7767350,CD2AP,ENSG00000198087,ENST00001118517,intron_variant,MODIFIER,,intron_variant
rs7767350,CD2AP,ENSG00000198087,ENST00001118518,intron_variant,MODIFIER,,intron_variant
rs7767350,CD2AP,ENSG00000198087,ENST00001124434,intron_variant,MODIFIER,,intron_variant
rs7767350,CD2AP,ENSG00000198087,ENST00001129443,downstream_gene_variant,MODIFIER,1580.0,intron_variant
rs7767350,CD2AP,ENSG00000198087,ENST00001136159,intron_variant,MODIFIER,,intron_variant
rs60755019,,ENSG00000290034,ENST00000702590,downstream_gene_variant,MODIFIER,3409.0,intron_variant
rs60755019,,ENSG00000290034,ENST00000736037,downstream_gene_variant,MODIFIER,3413.0,intron_variant
rs60755019,,ENSG00000290034,ENST00000736038,downstream_gene_variant,MODIFIER,3413.0,intron_variant
rs60755019,,ENSG00000296086,ENST00000736323,"intron_variant,non_coding_transcript_variant",MODIFIER,,intron_variant
rs75932628,TREM2,ENSG00000095970,ENST00000338469,missense_variant,MODERATE,,missense_variant
rs75932628,TREM2,ENSG00000095970,ENST00000373113,missense_variant,MODERATE,,missense_variant
rs75932628,TREM2,ENSG00000095970,ENST00000373122,missense_variant,MODERATE,,missense_variant
rs75932628,,ENSG00000290034,ENST00000702590,"intron_variant,non_coding_transcript_variant",MODIFIER,,missense_variant
rs75932628,,ENSG00000290034,ENST00000736037,"intron_variant,non_coding_transcript_variant",MODIFIER,,missense_variant
rs75932628,,ENSG00000290034,ENST00000736038,"intron_variant,non_coding_transcript_variant",MODIFIER,,missense_variant
rs75932628,TREM2,ENSG00000095970,ENST00000880536,intron_variant,MODIFIER,,missense_variant
rs75932628,TREM2,ENSG00000095970,ENST00001091045,"intron_variant,NMD_transcript_variant",MODIFIER,,missense_variant
rs75932628,TREM2,ENSG00000095970,ENST00001091046,intron_variant,MODIFIER,,missense_variant
rs75932628,TREM2,ENSG00000095970,ENST00001091047,intron_variant,MODIFIER,,missense_variant
rs75932628,TREM2,ENSG00000095970,ENST00001129115,"3_prime_UTR_variant,NMD_transcript_variant",MODIFIER,,missense_variant
rs75932628,TREM2,ENSG00000095970,ENST00001134932,missense_variant,MODERATE,,missense_variant
rs143332484,TREM2,ENSG00000095970,ENST00000338469,missense_variant,MODERATE,,missense_variant
rs143332484,TREM2,ENSG00000095970,ENST00000373113,missense_variant,MODERATE,,missense_variant
rs143332484,TREM2,ENSG00000095970,ENST00000373122,missense_variant,MODERATE,,missense_variant
rs143332484,,ENSG00000290034,ENST00000702590,"intron_variant,non_coding_transcript_variant",MODIFIER,,missense_variant
rs143332484,,ENSG00000290034,ENST00000736037,"intron_variant,non_coding_transcript_variant",MODIFIER,,missense_variant
rs143332484,,ENSG00000290034,ENST00000736038,"intron_variant,non_coding_transcript_variant",MODIFIER,,missense_variant
rs143332484,TREM2,ENSG00000095970,ENST00000880536,intron_variant,MODIFIER,,missense_variant
rs143332484,TREM2,ENSG00000095970,ENST00001091045,"intron_variant,NMD_transcript_variant",MODIFIER,,missense_variant
rs143332484,TREM2,ENSG00000095970,ENST00001091046,intron_variant,MODIFIER,,missense_variant
rs143332484,TREM2,ENSG00000095970,ENST00001091047,intron_variant,MODIFIER,,missense_variant
rs143332484,TREM2,ENSG00000095970,ENST00001129115,"3_prime_UTR_variant,NMD_transcript_variant",MODIFIER,,missense_variant
rs143332484,TREM2,ENSG00000095970,ENST00001134932,missense_variant,MODERATE,,missense_variant
rs10947943,UNC5CL,ENSG00000124602,ENST00000244565,intron_variant,MODIFIER,,intron_variant
rs10947943,UNC5CL,ENSG00000124602,ENST00000373164,upstream_gene_variant,MODIFIER,1219.0,intron_variant
rs10947943,UNC5CL,ENSG00000124602,ENST00000470102,upstream_gene_variant,MODIFIER,3367.0,intron_variant
rs10947943,OARD1,ENSG00000124596,ENST00000482853,"intron_variant,NMD_transcript_variant",MODIFIER,,intron_variant
rs10947943,UNC5CL,ENSG00000124602,ENST00000714028,"intron_variant,NMD_transcript_variant",MODIFIER,,intron_variant
rs10947943,TSPO2,ENSG00000112212,ENST00000984170,upstream_gene_variant,MODIFIER,2924.0,intron_variant
rs10947943,TSPO2,ENSG00000112212,ENST00001103123,upstream_gene_variant,MODIFIER,4919.0,intron_variant
rs10947943,TSPO2,ENSG00000112212,ENST00001103124,upstream_gene_variant,MODIFIER,4919.0,intron_variant
rs10947943,TSPO2,ENSG00000112212,ENST00001103125,upstream_gene_variant,MODIFIER,4919.0,intron_variant
rs6605556,,ENSG00000309733,ENST00000843605,downstream_gene_variant,MODIFIER,4019.0,downstream_gene_variant
rs6605556,,,,intergenic_variant,MODIFIER,,intergenic_variant
rs113706587,RASGEF1C,ENSG00000146090,ENST00000361132,intron_variant,MODIFIER,,intron_variant
rs113706587,RASGEF1C,ENSG00000146090,ENST00000615330,intron_variant,MODIFIER,,intron_variant
rs113706587,RASGEF1C,ENSG00000146090,ENST00000923269,intron_variant,MODIFIER,,intron_variant
rs113706587,RASGEF1C,ENSG00000146090,ENST00000967585,intron_variant,MODIFIER,,intron_variant
rs113706587,RASGEF1C,ENSG00000146090,ENST00001049693,intron_variant,MODIFIER,,intron_variant
rs113706587,RASGEF1C,ENSG00000146090,ENST00001114906,intron_variant,MODIFIER,,intron_variant
rs113706587,RASGEF1C,ENSG00000146090,ENST00001138321,intron_variant,MODIFIER,,intron_variant
rs871269,TNIP1,ENSG00000145901,ENST00000315050,intron_variant,MODIFIER,,intron_variant
rs871269,TNIP1,ENSG00000145901,ENST00000389378,intron_variant,MODIFIER,,intron_variant
rs871269,TNIP1,ENSG00000145901,ENST00000518977,intron_variant,MODIFIER,,intron_variant
rs871269,TNIP1,ENSG00000145901,ENST00000519339,"intron_variant,NMD_transcript_variant",MODIFIER,,intron_variant
rs871269,TNIP1,ENSG00000145901,ENST00000520695,intron_variant,MODIFIER,,intron_variant
rs871269,TNIP1,ENSG00000145901,ENST00000520931,intron_variant,MODIFIER,,intron_variant
rs871269,TNIP1,ENSG00000145901,ENST00000521001,intron_variant,MODIFIER,,intron_variant
rs871269,TNIP1,ENSG00000145901,ENST00000521423,upstream_gene_variant,MODIFIER,2924.0,intron_variant
rs871269,TNIP1,ENSG00000145901,ENST00000521591,intron_variant,MODIFIER,,intron_variant
rs871269,TNIP1,ENSG00000145901,ENST00000522100,intron_variant,MODIFIER,,intron_variant
rs871269,TNIP1,ENSG00000145901,ENST00000522226,intron_variant,MODIFIER,,intron_variant
rs871269,TNIP1,ENSG00000145901,ENST00000523200,intron_variant,MODIFIER,,intron_variant
rs871269,TNIP1,ENSG00000145901,ENST00000523338,intron_variant,MODIFIER,,intron_variant
rs871269,TNIP1,ENSG00000145901,ENST00000524280,intron_variant,MODIFIER,,intron_variant
rs871269,TNIP1,ENSG00000145901,ENST00000610535,intron_variant,MODIFIER,,intron_variant
rs871269,TNIP1,ENSG00000145901,ENST00000714530,"intron_variant,NMD_transcript_variant",MODIFIER,,intron_variant
rs871269,TNIP1,ENSG00000145901,ENST00000878007,intron_variant,MODIFIER,,intron_variant
rs871269,TNIP1,ENSG00000145901,ENST00000878008,intron_variant,MODIFIER,,intron_variant
rs871269,TNIP1,ENSG00000145901,ENST00000878009,intron_variant,MODIFIER,,intron_variant
rs871269,TNIP1,ENSG00000145901,ENST00000878010,intron_variant,MODIFIER,,intron_variant
rs871269,TNIP1,ENSG00000145901,ENST00000878011,intron_variant,MODIFIER,,intron_variant
rs871269,TNIP1,ENSG00000145901,ENST00000878012,intron_variant,MODIFIER,,intron_variant
rs871269,TNIP1,ENSG00000145901,ENST00000878013,intron_variant,MODIFIER,,intron_variant
rs871269,TNIP1,ENSG00000145901,ENST00000878014,intron_variant,MODIFIER,,intron_variant
rs871269,TNIP1,ENSG00000145901,ENST00000878015,intron_variant,MODIFIER,,intron_variant
rs871269,TNIP1,ENSG00000145901,ENST00000878016,intron_variant,MODIFIER,,intron_variant
rs871269,TNIP1,ENSG00000145901,ENST00000878017,intron_variant,MODIFIER,,intron_variant
rs871269,TNIP1,ENSG00000145901,ENST00000878018,intron_variant,MODIFIER,,intron_variant
rs871269,TNIP1,ENSG00000145901,ENST00000878019,intron_variant,MODIFIER,,intron_variant
rs871269,TNIP1,ENSG00000145901,ENST00000878020,intron_variant,MODIFIER,,intron_variant
rs871269,TNIP1,ENSG00000145901,ENST00000878021,intron_variant,MODIFIER,,intron_variant
rs871269,TNIP1,ENSG00000145901,ENST00000878022,intron_variant,MODIFIER,,intron_variant
rs871269,TNIP1,ENSG00000145901,ENST00000878023,intron_variant,MODIFIER,,intron_variant
rs871269,TNIP1,ENSG00000145901,ENST00000878024,intron_variant,MODIFIER,,intron_variant
rs871269,TNIP1,ENSG00000145901,ENST00000878025,intron_variant,MODIFIER,,intron_variant
rs871269,TNIP1,ENSG00000145901,ENST00000878026,intron_variant,MODIFIER,,intron_variant
rs871269,TNIP1,ENSG00000145901,ENST00000878027,intron_variant,MODIFIER,,intron_variant
rs871269,TNIP1,ENSG00000145901,ENST00000878028,intron_variant,MODIFIER,,intron_variant
rs871269,TNIP1,ENSG00000145901,ENST00000878029,intron_variant,MODIFIER,,intron_variant
rs871269,TNIP1,ENSG00000145901,ENST00000878030,intron_variant,MODIFIER,,intron_variant
rs871269,TNIP1,ENSG00000145901,ENST00000949031,intron_variant,MODIFIER,,intron_variant
rs871269,TNIP1,ENSG00000145901,ENST00000949032,intron_variant,MODIFIER,,intron_variant
rs871269,TNIP1,ENSG00000145901,ENST00000949033,intron_variant,MODIFIER,,intron_variant
rs871269,TNIP1,ENSG00000145901,ENST00000949034,intron_variant,MODIFIER,,intron_variant
rs871269,TNIP1,ENSG00000145901,ENST00000949035,intron_variant,MODIFIER,,intron_variant
rs871269,TNIP1,ENSG00000145901,ENST00001000948,intron_variant,MODIFIER,,intron_variant
rs871269,TNIP1,ENSG00000145901,ENST00001000949,"intron_variant,NMD_transcript_variant",MODIFIER,,intron_variant
rs871269,TNIP1,ENSG00000145901,ENST00001000950,intron_variant,MODIFIER,,intron_variant
rs871269,TNIP1,ENSG00000145901,ENST00001000951,intron_variant,MODIFIER,,intron_variant
rs871269,TNIP1,ENSG00000145901,ENST00001000953,intron_variant,MODIFIER,,intron_variant
rs871269,TNIP1,ENSG00000145901,ENST00001000954,intron_variant,MODIFIER,,intron_variant
rs871269,TNIP1,ENSG00000145901,ENST00001000955,intron_variant,MODIFIER,,intron_variant
rs871269,TNIP1,ENSG00000145901,ENST00001000956,intron_variant,MODIFIER,,intron_variant
rs871269,TNIP1,ENSG00000145901,ENST00001000957,intron_variant,MODIFIER,,intron_variant
rs871269,TNIP1,ENSG00000145901,ENST00001000959,intron_variant,MODIFIER,,intron_variant
rs871269,TNIP1,ENSG00000145901,ENST00001000960,intron_variant,MODIFIER,,intron_variant
rs871269,TNIP1,ENSG00000145901,ENST00001000961,intron_variant,MODIFIER,,intron_variant
rs871269,TNIP1,ENSG00000145901,ENST00001025692,intron_variant,MODIFIER,,intron_variant
rs871269,TNIP1,ENSG00000145901,ENST00001025693,intron_variant,MODIFIER,,intron_variant
rs871269,TNIP1,ENSG00000145901,ENST00001025694,intron_variant,MODIFIER,,intron_variant
rs871269,TNIP1,ENSG00000145901,ENST00001025695,"intron_variant,NMD_transcript_variant",MODIFIER,,intron_variant
rs871269,TNIP1,ENSG00000145901,ENST00001025696,intron_variant,MODIFIER,,intron_variant
rs871269,TNIP1,ENSG00000145901,ENST00001025697,intron_variant,MODIFIER,,intron_variant
rs871269,TNIP1,ENSG00000145901,ENST00001025699,"intron_variant,NMD_transcript_variant",MODIFIER,,intron_variant
rs871269,TNIP1,ENSG00000145901,ENST00001025700,intron_variant,MODIFIER,,intron_variant
rs871269,TNIP1,ENSG00000145901,ENST00001025701,"intron_variant,NMD_transcript_variant",MODIFIER,,intron_variant
rs871269,TNIP1,ENSG00000145901,ENST00001025703,"intron_variant,NMD_transcript_variant",MODIFIER,,intron_variant
rs871269,TNIP1,ENSG00000145901,ENST00001025704,intron_variant,MODIFIER,,intron_variant
rs871269,TNIP1,ENSG00000145901,ENST00001025705,intron_variant,MODIFIER,,intron_variant
rs871269,TNIP1,ENSG00000145901,ENST00001025706,intron_variant,MODIFIER,,intron_variant
rs871269,TNIP1,ENSG00000145901,ENST00001025709,intron_variant,MODIFIER,,intron_variant
rs871269,TNIP1,ENSG00000145901,ENST00001025710,"intron_variant,NMD_transcript_variant",MODIFIER,,intron_variant
rs871269,TNIP1,ENSG00000145901,ENST00001092419,intron_variant,MODIFIER,,intron_variant
rs871269,TNIP1,ENSG00000145901,ENST00001132974,intron_variant,MODIFIER,,intron_variant
rs62374257,,ENSG00000294529,ENST00000724121,"intron_variant,non_coding_transcript_variant",MODIFIER,,intron_variant
rs112403360,ANKH,ENSG00000154122,ENST00000284268,intron_variant,MODIFIER,,splice_polypyrimidine_tract_variant
rs112403360,,ENSG00000286970,ENST00000654896,upstream_gene_variant,MODIFIER,4283.0,splice_polypyrimidine_tract_variant
rs112403360,,ENSG00000286970,ENST00000659482,upstream_gene_variant,MODIFIER,4414.0,splice_polypyrimidine_tract_variant
rs112403360,ANKH,ENSG00000154122,ENST00000887636,intron_variant,MODIFIER,,splice_polypyrimidine_tract_variant
rs112403360,ANKH,ENSG00000154122,ENST00000887637,intron_variant,MODIFIER,,splice_polypyrimidine_tract_variant
rs112403360,ANKH,ENSG00000154122,ENST00000887638,intron_variant,MODIFIER,,splice_polypyrimidine_tract_variant
rs112403360,ANKH,ENSG00000154122,ENST00000887639,intron_variant,MODIFIER,,splice_polypyrimidine_tract_variant
rs112403360,ANKH,ENSG00000154122,ENST00000964374,intron_variant,MODIFIER,,splice_polypyrimidine_tract_variant
rs112403360,ANKH,ENSG00000154122,ENST00000979129,"splice_polypyrimidine_tract_variant,intron_variant",LOW,,splice_polypyrimidine_tract_variant
rs112403360,ANKH,ENSG00000154122,ENST00001030010,"intron_variant,NMD_transcript_variant",MODIFIER,,splice_polypyrimidine_tract_variant
rs112403360,ANKH,ENSG00000154122,ENST00001030011,intron_variant,MODIFIER,,splice_polypyrimidine_tract_variant
rs112403360,ANKH,ENSG00000154122,ENST00001030012,intron_variant,MODIFIER,,splice_polypyrimidine_tract_variant
rs112403360,ANKH,ENSG00000154122,ENST00001117506,"intron_variant,NMD_transcript_variant",MODIFIER,,splice_polypyrimidine_tract_variant
rs112403360,ANKH,ENSG00000154122,ENST00001117507,"intron_variant,NMD_transcript_variant",MODIFIER,,splice_polypyrimidine_tract_variant
rs112403360,ANKH,ENSG00000154122,ENST00001122405,"intron_variant,NMD_transcript_variant",MODIFIER,,splice_polypyrimidine_tract_variant
rs112403360,ANKH,ENSG00000154122,ENST00001122406,"intron_variant,NMD_transcript_variant",MODIFIER,,splice_polypyrimidine_tract_variant
rs112403360,ANKH,ENSG00000154122,ENST00001122407,"intron_variant,NMD_transcript_variant",MODIFIER,,splice_polypyrimidine_tract_variant
rs112403360,ANKH,ENSG00000154122,ENST00001122408,"intron_variant,NMD_transcript_variant",MODIFIER,,splice_polypyrimidine_tract_variant
rs112403360,ANKH,ENSG00000154122,ENST00001122409,"intron_variant,NMD_transcript_variant",MODIFIER,,splice_polypyrimidine_tract_variant
rs112403360,ANKH,ENSG00000154122,ENST00001133330,intron_variant,MODIFIER,,splice_polypyrimidine_tract_variant
rs2245466,RHOH,ENSG00000168421,ENST00000381799,5_prime_UTR_variant,MODIFIER,,5_prime_UTR_variant
rs2245466,RHOH,ENSG00000168421,ENST00000503754,5_prime_UTR_variant,MODIFIER,,5_prime_UTR_variant
rs2245466,RHOH,ENSG00000168421,ENST00000503941,intron_variant,MODIFIER,,5_prime_UTR_variant
rs2245466,RHOH,ENSG00000168421,ENST00000503978,upstream_gene_variant,MODIFIER,3119.0,5_prime_UTR_variant
rs2245466,RHOH,ENSG00000168421,ENST00000504638,upstream_gene_variant,MODIFIER,19.0,5_prime_UTR_variant
rs2245466,RHOH,ENSG00000168421,ENST00000505618,intron_variant,MODIFIER,,5_prime_UTR_variant
rs2245466,RHOH,ENSG00000168421,ENST00000507851,intron_variant,MODIFIER,,5_prime_UTR_variant
rs2245466,RHOH,ENSG00000168421,ENST00000508513,5_prime_UTR_variant,MODIFIER,,5_prime_UTR_variant
rs2245466,RHOH,ENSG00000168421,ENST00000511121,upstream_gene_variant,MODIFIER,3118.0,5_prime_UTR_variant
rs2245466,RHOH,ENSG00000168421,ENST00000511967,5_prime_UTR_variant,MODIFIER,,5_prime_UTR_variant
rs2245466,RHOH,ENSG00000168421,ENST00000513894,5_prime_UTR_variant,MODIFIER,,5_prime_UTR_variant
rs2245466,RHOH,ENSG00000168421,ENST00000514143,non_coding_transcript_exon_variant,MODIFIER,,5_prime_UTR_variant
rs2245466,RHOH,ENSG00000168421,ENST00000514839,non_coding_transcript_exon_variant,MODIFIER,,5_prime_UTR_variant
rs2245466,RHOH,ENSG00000168421,ENST00000515503,5_prime_UTR_variant,MODIFIER,,5_prime_UTR_variant
rs2245466,RHOH,ENSG00000168421,ENST00000515702,5_prime_UTR_variant,MODIFIER,,5_prime_UTR_variant
rs2245466,RHOH,ENSG00000168421,ENST00000515718,5_prime_UTR_variant,MODIFIER,,5_prime_UTR_variant
rs2245466,RHOH,ENSG00000168421,ENST00000614836,5_prime_UTR_variant,MODIFIER,,5_prime_UTR_variant
rs2245466,RHOH,ENSG00000168421,ENST00000908158,intron_variant,MODIFIER,,5_prime_UTR_variant
rs2245466,RHOH,ENSG00000168421,ENST00000908159,5_prime_UTR_variant,MODIFIER,,5_prime_UTR_variant
rs2245466,RHOH,ENSG00000168421,ENST00000908160,5_prime_UTR_variant,MODIFIER,,5_prime_UTR_variant
rs2245466,RHOH,ENSG00000168421,ENST00000908161,5_prime_UTR_variant,MODIFIER,,5_prime_UTR_variant
rs2245466,RHOH,ENSG00000168421,ENST00000919405,5_prime_UTR_variant,MODIFIER,,5_prime_UTR_variant
rs2245466,RHOH,ENSG00000168421,ENST00000919406,5_prime_UTR_variant,MODIFIER,,5_prime_UTR_variant
rs2245466,RHOH,ENSG00000168421,ENST00000919407,5_prime_UTR_variant,MODIFIER,,5_prime_UTR_variant
rs2245466,RHOH,ENSG00000168421,ENST00000962316,5_prime_UTR_variant,MODIFIER,,5_prime_UTR_variant
rs6846529,,,,intergenic_variant,MODIFIER,,intergenic_variant
rs3822030,IDUA,ENSG00000127415,ENST00000247933,intron_variant,MODIFIER,,5_prime_UTR_variant
rs3822030,SLC26A1,ENSG00000145217,ENST00000361661,upstream_gene_variant,MODIFIER,112.0,5_prime_UTR_variant
rs3822030,SLC26A1,ENSG00000145217,ENST00000398516,upstream_gene_variant,MODIFIER,151.0,5_prime_UTR_variant
rs3822030,SLC26A1,ENSG00000145217,ENST00000398520,upstream_gene_variant,MODIFIER,112.0,5_prime_UTR_variant
rs3822030,IDUA,ENSG00000127415,ENST00000502910,intron_variant,MODIFIER,,5_prime_UTR_variant
rs3822030,IDUA,ENSG00000127415,ENST00000504568,intron_variant,MODIFIER,,5_prime_UTR_variant
rs3822030,IDUA,ENSG00000127415,ENST00000506561,"intron_variant,non_coding_transcript_variant",MODIFIER,,5_prime_UTR_variant
rs3822030,IDUA,ENSG00000127415,ENST00000508168,"intron_variant,non_coding_transcript_variant",MODIFIER,,5_prime_UTR_variant
rs3822030,IDUA,ENSG00000127415,ENST00000509744,downstream_gene_variant,MODIFIER,3932.0,5_prime_UTR_variant
rs3822030,IDUA,ENSG00000127415,ENST00000509948,"intron_variant,non_coding_transcript_variant",MODIFIER,,5_prime_UTR_variant
rs3822030,SLC26A1,ENSG00000145217,ENST00000513138,upstream_gene_variant,MODIFIER,2360.0,5_prime_UTR_variant
rs3822030,IDUA,ENSG00000127415,ENST00000514192,"intron_variant,non_coding_transcript_variant",MODIFIER,,5_prime_UTR_variant
rs3822030,IDUA,ENSG00000127415,ENST00000514224,intron_variant,MODIFIER,,5_prime_UTR_variant
rs3822030,IDUA,ENSG00000127415,ENST00000514698,"intron_variant,non_coding_transcript_variant",MODIFIER,,5_prime_UTR_variant
rs3822030,SLC26A1,ENSG00000145217,ENST00000622731,upstream_gene_variant,MODIFIER,115.0,5_prime_UTR_variant
rs3822030,IDUA,ENSG00000127415,ENST00000871734,intron_variant,MODIFIER,,5_prime_UTR_variant
rs3822030,IDUA,ENSG00000127415,ENST00000871735,intron_variant,MODIFIER,,5_prime_UTR_variant
rs3822030,IDUA,ENSG00000127415,ENST00000871736,intron_variant,MODIFIER,,5_prime_UTR_variant
rs3822030,IDUA,ENSG00000127415,ENST00000871737,intron_variant,MODIFIER,,5_prime_UTR_variant
rs3822030,IDUA,ENSG00000127415,ENST00000871738,intron_variant,MODIFIER,,5_prime_UTR_variant
rs3822030,IDUA,ENSG00000127415,ENST00000871739,intron_variant,MODIFIER,,5_prime_UTR_variant
rs3822030,SLC26A1,ENSG00000145217,ENST00000871988,upstream_gene_variant,MODIFIER,112.0,5_prime_UTR_variant
rs3822030,SLC26A1,ENSG00000145217,ENST00000871989,5_prime_UTR_variant,MODIFIER,,5_prime_UTR_variant
rs3822030,SLC26A1,ENSG00000145217,ENST00000871990,upstream_gene_variant,MODIFIER,864.0,5_prime_UTR_variant
rs3822030,IDUA,ENSG00000127415,ENST00000962388,intron_variant,MODIFIER,,5_prime_UTR_variant
rs3822030,IDUA,ENSG00000127415,ENST00000962389,intron_variant,MODIFIER,,5_prime_UTR_variant
rs3822030,IDUA,ENSG00000127415,ENST00000962390,intron_variant,MODIFIER,,5_prime_UTR_variant
rs3822030,SLC26A1,ENSG00000145217,ENST00000962470,intron_variant,MODIFIER,,5_prime_UTR_variant
rs3822030,IDUA,ENSG00000127415,ENST00000973320,"intron_variant,NMD_transcript_variant",MODIFIER,,5_prime_UTR_variant
rs3822030,IDUA,ENSG00000127415,ENST00001017367,"intron_variant,NMD_transcript_variant",MODIFIER,,5_prime_UTR_variant
rs3822030,SLC26A1,ENSG00000145217,ENST00001110392,upstream_gene_variant,MODIFIER,112.0,5_prime_UTR_variant
rs3822030,SLC26A1,ENSG00000145217,ENST00001138588,upstream_gene_variant,MODIFIER,112.0,5_prime_UTR_variant
rs61762319,MME,ENSG00000196549,ENST00000360490,missense_variant,MODERATE,,missense_variant
rs61762319,MME,ENSG00000196549,ENST00000382989,missense_variant,MODERATE,,missense_variant
rs61762319,MME,ENSG00000196549,ENST00000460393,missense_variant,MODERATE,,missense_variant
rs61762319,MME,ENSG00000196549,ENST00000462745,missense_variant,MODERATE,,missense_variant
rs61762319,MME,ENSG00000196549,ENST00000473730,missense_variant,MODERATE,,missense_variant
rs61762319,MME,ENSG00000196549,ENST00000491026,missense_variant,MODERATE,,missense_variant
rs61762319,MME,ENSG00000196549,ENST00000491597,non_coding_transcript_exon_variant,MODIFIER,,missense_variant
rs61762319,MME,ENSG00000196549,ENST00000492661,missense_variant,MODERATE,,missense_variant
rs61762319,MME,ENSG00000196549,ENST00000493237,missense_variant,MODERATE,,missense_variant
rs61762319,MME,ENSG00000196549,ENST00000615825,missense_variant,MODERATE,,missense_variant
rs61762319,MME,ENSG00000196549,ENST00000675418,missense_variant,MODERATE,,missense_variant
rs61762319,MME,ENSG00000196549,ENST00000679362,upstream_gene_variant,MODIFIER,867.0,missense_variant
rs61762319,MME,ENSG00000196549,ENST00000680057,missense_variant,MODERATE,,missense_variant
rs61762319,MME,ENSG00000196549,ENST00000680282,missense_variant,MODERATE,,missense_variant
rs61762319,MME,ENSG00000196549,ENST00000871479,missense_variant,MODERATE,,missense_variant
rs61762319,MME,ENSG00000196549,ENST00000871480,missense_variant,MODERATE,,missense_variant
rs61762319,MME,ENSG00000196549,ENST00000871481,missense_variant,MODERATE,,missense_variant
rs61762319,MME,ENSG00000196549,ENST00000871482,missense_variant,MODERATE,,missense_variant
rs61762319,MME,ENSG00000196549,ENST00000871483,missense_variant,MODERATE,,missense_variant
rs61762319,MME,ENSG00000196549,ENST00000871484,missense_variant,MODERATE,,missense_variant
rs61762319,MME,ENSG00000196549,ENST00000871485,missense_variant,MODERATE,,missense_variant
rs61762319,MME,ENSG00000196549,ENST00000915239,missense_variant,MODERATE,,missense_variant
rs61762319,MME,ENSG00000196549,ENST00000915240,missense_variant,MODERATE,,missense_variant
rs61762319,MME,ENSG00000196549,ENST00000915241,missense_variant,MODERATE,,missense_variant
rs61762319,MME,ENSG00000196549,ENST00000915242,missense_variant,MODERATE,,missense_variant
rs61762319,MME,ENSG00000196549,ENST00000915243,missense_variant,MODERATE,,missense_variant
rs61762319,MME,ENSG00000196549,ENST00000915244,missense_variant,MODERATE,,missense_variant
rs61762319,MME,ENSG00000196549,ENST00000944233,missense_variant,MODERATE,,missense_variant
rs61762319,MME,ENSG00000196549,ENST00001098291,missense_variant,MODERATE,,missense_variant
rs61762319,MME,ENSG00000196549,ENST00001107141,missense_variant,MODERATE,,missense_variant
rs61762319,MME,ENSG00000196549,ENST00001107142,missense_variant,MODERATE,,missense_variant
rs61762319,MME,ENSG00000196549,ENST00001142766,missense_variant,MODERATE,,missense_variant
rs16824536,MME,ENSG00000196549,ENST00000492661,intron_variant,MODIFIER,,intron_variant
rs10933431,INPP5D,ENSG00000168918,ENST00000359570,intron_variant,MODIFIER,,intron_variant
rs10933431,INPP5D,ENSG00000168918,ENST00000445964,intron_variant,MODIFIER,,intron_variant
rs10933431,INPP5D,ENSG00000168918,ENST00000451407,"intron_variant,non_coding_transcript_variant",MODIFIER,,intron_variant
rs10933431,INPP5D,ENSG00000168918,ENST00000467393,"intron_variant,non_coding_transcript_variant",MODIFIER,,intron_variant
rs10933431,INPP5D,ENSG00000168918,ENST00000474278,upstream_gene_variant,MODIFIER,3400.0,intron_variant
rs10933431,INPP5D,ENSG00000168918,ENST00001140987,intron_variant,MODIFIER,,intron_variant
rs10933431,INPP5D,ENSG00000281614,ENST00000627806,"intron_variant,non_coding_transcript_variant",MODIFIER,,intron_variant
rs10933431,INPP5D,ENSG00000281614,ENST00000629761,intron_variant,MODIFIER,,intron_variant
rs10933431,INPP5D,ENSG00000281614,ENST00000630338,"intron_variant,non_coding_transcript_variant",MODIFIER,,intron_variant
rs10933431,INPP5D,ENSG00000281614,ENST00000630466,upstream_gene_variant,MODIFIER,3400.0,intron_variant
rs10933431,INPP5D,ENSG00000281614,ENST00000630854,intron_variant,MODIFIER,,intron_variant
rs139643391,WDR12,ENSG00000138442,ENST00000261015,3_prime_UTR_variant,MODIFIER,,3_prime_UTR_variant
rs139643391,WDR12,ENSG00000138442,ENST00000463824,downstream_gene_variant,MODIFIER,4872.0,3_prime_UTR_variant
rs139643391,WDR12,ENSG00000138442,ENST00000464820,downstream_gene_variant,MODIFIER,4756.0,3_prime_UTR_variant
rs139643391,WDR12,ENSG00000138442,ENST00000467777,downstream_gene_variant,MODIFIER,1884.0,3_prime_UTR_variant
rs139643391,WDR12,ENSG00000138442,ENST00000688520,3_prime_UTR_variant,MODIFIER,,3_prime_UTR_variant
rs139643391,WDR12,ENSG00000138442,ENST00000910663,3_prime_UTR_variant,MODIFIER,,3_prime_UTR_variant
rs139643391,WDR12,ENSG00000138442,ENST00000923857,3_prime_UTR_variant,MODIFIER,,3_prime_UTR_variant
rs139643391,WDR12,ENSG00000138442,ENST00000923858,3_prime_UTR_variant,MODIFIER,,3_prime_UTR_variant
rs139643391,WDR12,ENSG00000138442,ENST00000923859,3_prime_UTR_variant,MODIFIER,,3_prime_UTR_variant
rs139643391,WDR12,ENSG00000138442,ENST00000923860,3_prime_UTR_variant,MODIFIER,,3_prime_UTR_variant
rs139643391,WDR12,ENSG00000138442,ENST00000953982,3_prime_UTR_variant,MODIFIER,,3_prime_UTR_variant
rs139643391,WDR12,ENSG00000138442,ENST00000985451,downstream_gene_variant,MODIFIER,1877.0,3_prime_UTR_variant
rs139643391,WDR12,ENSG00000138442,ENST00000985452,downstream_gene_variant,MODIFIER,1887.0,3_prime_UTR_variant
rs139643391,WDR12,ENSG00000138442,ENST00001031436,downstream_gene_variant,MODIFIER,1885.0,3_prime_UTR_variant
rs139643391,WDR12,ENSG00000138442,ENST00001031437,3_prime_UTR_variant,MODIFIER,,3_prime_UTR_variant
rs139643391,WDR12,ENSG00000138442,ENST00001031438,3_prime_UTR_variant,MODIFIER,,3_prime_UTR_variant
rs139643391,WDR12,ENSG00000138442,ENST00001031440,downstream_gene_variant,MODIFIER,1891.0,3_prime_UTR_variant
rs139643391,WDR12,ENSG00000138442,ENST00001031441,downstream_gene_variant,MODIFIER,1884.0,3_prime_UTR_variant
rs139643391,WDR12,ENSG00000138442,ENST00001060949,downstream_gene_variant,MODIFIER,1887.0,3_prime_UTR_variant
rs139643391,WDR12,ENSG00000138442,ENST00001105199,downstream_gene_variant,MODIFIER,1887.0,3_prime_UTR_variant
rs6733839,,ENSG00000294899,ENST00000726607,"intron_variant,non_coding_transcript_variant",MODIFIER,,intron_variant
rs143080277,NCK2,ENSG00000071051,ENST00000233154,intron_variant,MODIFIER,,intron_variant
rs143080277,NCK2,ENSG00000071051,ENST00000393348,intron_variant,MODIFIER,,intron_variant
rs143080277,NCK2,ENSG00000071051,ENST00000451463,intron_variant,MODIFIER,,intron_variant
rs143080277,NCK2,ENSG00000071051,ENST00000899654,intron_variant,MODIFIER,,intron_variant
rs143080277,NCK2,ENSG00000071051,ENST00000899655,intron_variant,MODIFIER,,intron_variant
rs143080277,NCK2,ENSG00000071051,ENST00000899656,intron_variant,MODIFIER,,intron_variant
rs143080277,NCK2,ENSG00000071051,ENST00000899657,intron_variant,MODIFIER,,intron_variant
rs143080277,NCK2,ENSG00000071051,ENST00000940636,intron_variant,MODIFIER,,intron_variant
rs143080277,NCK2,ENSG00000071051,ENST00000940637,intron_variant,MODIFIER,,intron_variant
rs143080277,NCK2,ENSG00000071051,ENST00000940638,intron_variant,MODIFIER,,intron_variant
rs143080277,NCK2,ENSG00000071051,ENST00000940639,intron_variant,MODIFIER,,intron_variant
rs143080277,NCK2,ENSG00000071051,ENST00000940640,intron_variant,MODIFIER,,intron_variant
rs143080277,NCK2,ENSG00000071051,ENST00000958274,intron_variant,MODIFIER,,intron_variant
rs143080277,NCK2,ENSG00000071051,ENST00000958275,intron_variant,MODIFIER,,intron_variant
rs143080277,NCK2,ENSG00000071051,ENST00000958276,intron_variant,MODIFIER,,intron_variant
rs143080277,NCK2,ENSG00000071051,ENST00000958277,intron_variant,MODIFIER,,intron_variant
rs143080277,NCK2,ENSG00000071051,ENST00000958278,intron_variant,MODIFIER,,intron_variant
rs143080277,NCK2,ENSG00000071051,ENST00000958279,intron_variant,MODIFIER,,intron_variant
rs143080277,NCK2,ENSG00000071051,ENST00000958280,intron_variant,MODIFIER,,intron_variant
rs143080277,NCK2,ENSG00000071051,ENST00000958281,intron_variant,MODIFIER,,intron_variant
rs143080277,NCK2,ENSG00000071051,ENST00000958282,intron_variant,MODIFIER,,intron_variant
rs143080277,NCK2,ENSG00000071051,ENST00000958283,intron_variant,MODIFIER,,intron_variant
rs143080277,NCK2,ENSG00000071051,ENST00000958284,intron_variant,MODIFIER,,intron_variant
rs143080277,NCK2,ENSG00000071051,ENST00000958285,intron_variant,MODIFIER,,intron_variant
rs143080277,NCK2,ENSG00000071051,ENST00000958286,intron_variant,MODIFIER,,intron_variant
rs143080277,NCK2,ENSG00000071051,ENST00001022599,"intron_variant,NMD_transcript_variant",MODIFIER,,intron_variant
rs143080277,NCK2,ENSG00000071051,ENST00001022601,"intron_variant,NMD_transcript_variant",MODIFIER,,intron_variant
rs143080277,NCK2,ENSG00000071051,ENST00001022602,intron_variant,MODIFIER,,intron_variant
rs143080277,NCK2,ENSG00000071051,ENST00001022603,"intron_variant,NMD_transcript_variant",MODIFIER,,intron_variant
rs143080277,NCK2,ENSG00000071051,ENST00001069381,"intron_variant,NMD_transcript_variant",MODIFIER,,intron_variant
rs143080277,NCK2,ENSG00000071051,ENST00001124880,"intron_variant,NMD_transcript_variant",MODIFIER,,intron_variant
rs143080277,NCK2,ENSG00000071051,ENST00001124881,intron_variant,MODIFIER,,intron_variant
rs143080277,NCK2,ENSG00000071051,ENST00001138541,intron_variant,MODIFIER,,intron_variant
rs17020490,PRKD3,ENSG00000115825,ENST00000234179,intron_variant,MODIFIER,,intron_variant
rs17020490,PRKD3,ENSG00000115825,ENST00000379066,intron_variant,MODIFIER,,intron_variant
rs17020490,PRKD3,ENSG00000115825,ENST00000443187,intron_variant,MODIFIER,,intron_variant
rs17020490,PRKD3,ENSG00000115825,ENST00000464552,"intron_variant,non_coding_transcript_variant",MODIFIER,,intron_variant
rs17020490,PRKD3,ENSG00000115825,ENST00000494667,"intron_variant,non_coding_transcript_variant",MODIFIER,,intron_variant
rs17020490,PRKD3,ENSG00000115825,ENST00000887822,intron_variant,MODIFIER,,intron_variant
rs17020490,PRKD3,ENSG00000115825,ENST00000933385,intron_variant,MODIFIER,,intron_variant
rs17020490,PRKD3,ENSG00000115825,ENST00000933386,intron_variant,MODIFIER,,intron_variant
rs17020490,PRKD3,ENSG00000115825,ENST00000933387,intron_variant,MODIFIER,,intron_variant
rs17020490,PRKD3,ENSG00000115825,ENST00000933388,intron_variant,MODIFIER,,intron_variant
rs17020490,PRKD3,ENSG00000115825,ENST00000933389,intron_variant,MODIFIER,,intron_variant
rs17020490,PRKD3,ENSG00000115825,ENST00000933390,intron_variant,MODIFIER,,intron_variant
rs17020490,PRKD3,ENSG00000115825,ENST00001002271,intron_variant,MODIFIER,,intron_variant
rs17020490,PRKD3,ENSG00000115825,ENST00001002272,"intron_variant,NMD_transcript_variant",MODIFIER,,intron_variant
rs17020490,PRKD3,ENSG00000115825,ENST00001011567,"intron_variant,NMD_transcript_variant",MODIFIER,,intron_variant
rs17020490,PRKD3,ENSG00000115825,ENST00001011568,"intron_variant,NMD_transcript_variant",MODIFIER,,intron_variant
rs17020490,PRKD3,ENSG00000115825,ENST00001086046,"intron_variant,NMD_transcript_variant",MODIFIER,,intron_variant
rs17020490,PRKD3,ENSG00000115825,ENST00001086047,"intron_variant,NMD_transcript_variant",MODIFIER,,intron_variant
rs17020490,PRKD3,ENSG00000115825,ENST00001086048,"intron_variant,NMD_transcript_variant",MODIFIER,,intron_variant
rs17020490,PRKD3,ENSG00000115825,ENST00001086049,"intron_variant,NMD_transcript_variant",MODIFIER,,intron_variant
rs17020490,PRKD3,ENSG00000115825,ENST00001086050,"intron_variant,NMD_transcript_variant",MODIFIER,,intron_variant
rs17020490,PRKD3,ENSG00000115825,ENST00001086051,intron_variant,MODIFIER,,intron_variant
rs17020490,PRKD3,ENSG00000115825,ENST00001110303,intron_variant,MODIFIER,,intron_variant
rs17020490,PRKD3,ENSG00000115825,ENST00001110304,intron_variant,MODIFIER,,intron_variant
rs17020490,PRKD3,ENSG00000115825,ENST00001143406,intron_variant,MODIFIER,,intron_variant
rs72777026,ADAM17,ENSG00000151694,ENST00000310823,upstream_gene_variant,MODIFIER,3052.0,intron_variant
rs72777026,ADAM17,ENSG00000151694,ENST00000478059,upstream_gene_variant,MODIFIER,3108.0,intron_variant
rs72777026,,ENSG00000271855,ENST00000607241,downstream_gene_variant,MODIFIER,1516.0,intron_variant
rs72777026,ADAM17,ENSG00000151694,ENST00000618923,upstream_gene_variant,MODIFIER,3090.0,intron_variant
rs72777026,ADAM17,ENSG00000151694,ENST00000647610,upstream_gene_variant,MODIFIER,3182.0,intron_variant
rs72777026,ADAM17,ENSG00000151694,ENST00000647622,upstream_gene_variant,MODIFIER,3098.0,intron_variant
rs72777026,ADAM17,ENSG00000151694,ENST00000647979,upstream_gene_variant,MODIFIER,3148.0,intron_variant
rs72777026,ADAM17,ENSG00000151694,ENST00000648548,upstream_gene_variant,MODIFIER,4153.0,intron_variant
rs72777026,ADAM17,ENSG00000151694,ENST00000648857,upstream_gene_variant,MODIFIER,2150.0,intron_variant
rs72777026,ADAM17,ENSG00000151694,ENST00000649068,upstream_gene_variant,MODIFIER,3098.0,intron_variant
rs72777026,ADAM17,ENSG00000151694,ENST00000649227,upstream_gene_variant,MODIFIER,3094.0,intron_variant
rs72777026,ADAM17,ENSG00000151694,ENST00000649972,upstream_gene_variant,MODIFIER,3104.0,intron_variant
rs72777026,ADAM17,ENSG00000151694,ENST00000650116,upstream_gene_variant,MODIFIER,3211.0,intron_variant
rs72777026,ADAM17,ENSG00000151694,ENST00000699316,upstream_gene_variant,MODIFIER,3100.0,intron_variant
rs72777026,ADAM17,ENSG00000151694,ENST00000699317,upstream_gene_variant,MODIFIER,3055.0,intron_variant
rs72777026,ADAM17,ENSG00000151694,ENST00000699318,upstream_gene_variant,MODIFIER,3034.0,intron_variant
rs72777026,ADAM17,ENSG00000151694,ENST00000699319,upstream_gene_variant,MODIFIER,3036.0,intron_variant
rs72777026,ADAM17,ENSG00000151694,ENST00000699321,upstream_gene_variant,MODIFIER,3108.0,intron_variant
rs72777026,ADAM17,ENSG00000151694,ENST00000699323,upstream_gene_variant,MODIFIER,3196.0,intron_variant
rs72777026,ADAM17,ENSG00000151694,ENST00000699324,upstream_gene_variant,MODIFIER,3034.0,intron_variant
rs72777026,ADAM17,ENSG00000151694,ENST00000699325,upstream_gene_variant,MODIFIER,3034.0,intron_variant
rs72777026,ADAM17,ENSG00000151694,ENST00000699326,upstream_gene_variant,MODIFIER,3164.0,intron_variant
rs72777026,,ENSG00000271855,ENST00000716659,"intron_variant,non_coding_transcript_variant",MODIFIER,,intron_variant
rs72777026,,ENSG00000271855,ENST00000716660,"intron_variant,non_coding_transcript_variant",MODIFIER,,intron_variant
rs72777026,,ENSG00000271855,ENST00000830797,"intron_variant,non_coding_transcript_variant",MODIFIER,,intron_variant
rs72777026,ADAM17,ENSG00000151694,ENST00000867642,upstream_gene_variant,MODIFIER,3034.0,intron_variant
rs72777026,ADAM17,ENSG00000151694,ENST00000926352,upstream_gene_variant,MODIFIER,3034.0,intron_variant
rs72777026,ADAM17,ENSG00000151694,ENST00000945282,upstream_gene_variant,MODIFIER,3034.0,intron_variant
rs72777026,ADAM17,ENSG00000151694,ENST00000945283,upstream_gene_variant,MODIFIER,3034.0,intron_variant
rs72777026,ADAM17,ENSG00000151694,ENST00000945284,upstream_gene_variant,MODIFIER,3034.0,intron_variant
rs72777026,ADAM17,ENSG00000151694,ENST00001007934,upstream_gene_variant,MODIFIER,3040.0,intron_variant
rs72777026,ADAM17,ENSG00000151694,ENST00001007935,upstream_gene_variant,MODIFIER,3062.0,intron_variant
rs72777026,ADAM17,ENSG00000151694,ENST00001007936,upstream_gene_variant,MODIFIER,3069.0,intron_variant
rs72777026,ADAM17,ENSG00000151694,ENST00001036274,upstream_gene_variant,MODIFIER,3032.0,intron_variant
rs72777026,ADAM17,ENSG00000151694,ENST00001036275,upstream_gene_variant,MODIFIER,3040.0,intron_variant
rs72777026,ADAM17,ENSG00000151694,ENST00001036276,upstream_gene_variant,MODIFIER,3041.0,intron_variant
rs72777026,ADAM17,ENSG00000151694,ENST00001036277,upstream_gene_variant,MODIFIER,3049.0,intron_variant
rs72777026,ADAM17,ENSG00000151694,ENST00001036278,upstream_gene_variant,MODIFIER,3034.0,intron_variant
rs72777026,ADAM17,ENSG00000151694,ENST00001036279,upstream_gene_variant,MODIFIER,3088.0,intron_variant
rs72777026,ADAM17,ENSG00000151694,ENST00001036280,upstream_gene_variant,MODIFIER,3034.0,intron_variant
rs72777026,ADAM17,ENSG00000151694,ENST00001036281,upstream_gene_variant,MODIFIER,3034.0,intron_variant
rs72777026,ADAM17,ENSG00000151694,ENST00001106267,upstream_gene_variant,MODIFIER,3034.0,intron_variant
rs72777026,ADAM17,ENSG00000151694,ENST00001113258,upstream_gene_variant,MODIFIER,3034.0,intron_variant
rs72777026,ADAM17,ENSG00000151694,ENST00001113259,upstream_gene_variant,MODIFIER,3034.0,intron_variant
rs72777026,ADAM17,ENSG00000151694,ENST00001118814,upstream_gene_variant,MODIFIER,3040.0,intron_variant
rs679515,CR1,ENSG00000203710,ENST00000367049,intron_variant,MODIFIER,,intron_variant
rs679515,CR1,ENSG00000203710,ENST00000367051,intron_variant,MODIFIER,,intron_variant
rs679515,CR1,ENSG00000203710,ENST00000367052,intron_variant,MODIFIER,,intron_variant
rs679515,CR1,ENSG00000203710,ENST00000367053,intron_variant,MODIFIER,,intron_variant
rs679515,CR1,ENSG00000203710,ENST00000400960,intron_variant,MODIFIER,,intron_variant
rs679515,CR1,ENSG00000203710,ENST00000529814,intron_variant,MODIFIER,,intron_variant
rs679515,CR1,ENSG00000203710,ENST00000534202,"intron_variant,NMD_transcript_variant",MODIFIER,,intron_variant
rs679515,CR1-AS1,ENSG00000236911,ENST00000596003,"intron_variant,non_coding_transcript_variant",MODIFIER,,intron_variant
rs679515,CR1-AS1,ENSG00000236911,ENST00000597497,"intron_variant,non_coding_transcript_variant",MODIFIER,,intron_variant
rs679515,CR1-AS1,ENSG00000236911,ENST00000623503,"intron_variant,non_coding_transcript_variant",MODIFIER,,intron_variant
rs679515,CR1,ENSG00000203710,ENST00000896237,intron_variant,MODIFIER,,intron_variant
rs679515,CR1,ENSG00000203710,ENST00001145887,intron_variant,MODIFIER,,intron_variant
rs141749679,SORT1,ENSG00000134243,ENST00000256637,missense_variant,MODERATE,,missense_variant
rs141749679,SORT1,ENSG00000134243,ENST00000538502,missense_variant,MODERATE,,missense_variant
rs141749679,SORT1,ENSG00000134243,ENST00000902724,missense_variant,MODERATE,,missense_variant
rs141749679,SORT1,ENSG00000134243,ENST00000902725,missense_variant,MODERATE,,missense_variant
rs141749679,SORT1,ENSG00000134243,ENST00000902726,missense_variant,MODERATE,,missense_variant
rs141749679,SORT1,ENSG00000134243,ENST00000902727,missense_variant,MODERATE,,missense_variant
rs141749679,SORT1,ENSG00000134243,ENST00000934841,missense_variant,MODERATE,,missense_variant
rs141749679,SORT1,ENSG00000134243,ENST00000934842,missense_variant,MODERATE,,missense_variant
rs141749679,SORT1,ENSG00000134243,ENST00000934843,missense_variant,MODERATE,,missense_variant
rs141749679,SORT1,ENSG00000134243,ENST00000934844,missense_variant,MODERATE,,missense_variant
rs141749679,SORT1,ENSG00000134243,ENST00000957898,missense_variant,MODERATE,,missense_variant
rs141749679,SORT1,ENSG00000134243,ENST00000957899,missense_variant,MODERATE,,missense_variant
rs141749679,SORT1,ENSG00000134243,ENST00000957900,intron_variant,MODIFIER,,missense_variant
rs141749679,SORT1,ENSG00000134243,ENST00000957901,missense_variant,MODERATE,,missense_variant
rs141749679,SORT1,ENSG00000134243,ENST00000957902,missense_variant,MODERATE,,missense_variant
rs141749679,SORT1,ENSG00000134243,ENST00000996660,missense_variant,MODERATE,,missense_variant
rs141749679,SORT1,ENSG00000134243,ENST00001050272,"missense_variant,NMD_transcript_variant",MODERATE,,missense_variant
rs141749679,SORT1,ENSG00000134243,ENST00001050273,"missense_variant,NMD_transcript_variant",MODERATE,,missense_variant
rs141749679,SORT1,ENSG00000134243,ENST00001050274,"missense_variant,NMD_transcript_variant",MODERATE,,missense_variant
rs141749679,SORT1,ENSG00000134243,ENST00001050275,"missense_variant,NMD_transcript_variant",MODERATE,,missense_variant
rs141749679,SORT1,ENSG00000134243,ENST00001050276,"3_prime_UTR_variant,NMD_transcript_variant",MODIFIER,,missense_variant
rs141749679,SORT1,ENSG00000134243,ENST00001050278,"missense_variant,NMD_transcript_variant",MODERATE,,missense_variant
rs141749679,SORT1,ENSG00000134243,ENST00001050279,"missense_variant,NMD_transcript_variant",MODERATE,,missense_variant
rs141749679,SORT1,ENSG00000134243,ENST00001050280,"3_prime_UTR_variant,NMD_transcript_variant",MODIFIER,,missense_variant
rs141749679,SORT1,ENSG00000134243,ENST00001050281,"3_prime_UTR_variant,NMD_transcript_variant",MODIFIER,,missense_variant
rs141749679,SORT1,ENSG00000134243,ENST00001050284,"3_prime_UTR_variant,NMD_transcript_variant",MODIFIER,,missense_variant
rs141749679,SORT1,ENSG00000134243,ENST00001050285,"3_prime_UTR_variant,NMD_transcript_variant",MODIFIER,,missense_variant
rs141749679,SORT1,ENSG00000134243,ENST00001050287,"missense_variant,NMD_transcript_variant",MODERATE,,missense_variant
rs141749679,SORT1,ENSG00000134243,ENST00001110358,missense_variant,MODERATE,,missense_variant
rs141749679,SORT1,ENSG00000134243,ENST00001124421,"3_prime_UTR_variant,NMD_transcript_variant",MODIFIER,,missense_variant
rs141749679,SORT1,ENSG00000134243,ENST00001124422,"3_prime_UTR_variant,NMD_transcript_variant",MODIFIER,,missense_variant
rs141749679,SORT1,ENSG00000134243,ENST00001145641,missense_variant,MODERATE,,missense_variant
